division;clase;subclase;orden;familia;aceptado;genero;especie;Variedad;Subespecie;autor;nombre;clasificacion;basionimo;endemica;zona_vdw;paises_andinotropicales;distribucion_mundial;ecorregion;ecosistema;habito;sustrato;Lista Roja mundial;CategoriaIUCN;CriterioIUCN;AutorCriterio;Revision;Revisor;FechaRevision;Comentarios
Bryophyta;Polytrichopsida;;Polytrichales;Polytrichaceae;1;Polytrichadelphus;ciliatus;;;(Hook.f. & Wilson) Mitt.;Polytrichadelphus ciliatus;6;;0;Am 4.;;Venezuela,  Colombia,  Ecuador;;;;;;;;;;;;
Bryophyta;Polytrichopsida;;Polytrichales;Polytrichaceae;1;Polytrichadelphus;ericoides;;;(Hampe) Mitt.;Polytrichadelphus ericoides;6;;0;Am 4.;Venezuela, Colombia, Ecuador y Bolivia) DISTRIBUCIÓN DE Polytrichum ericoides Hampe;;;;Terrestre, Saxícola;Suelo # Roca;;;;;;;;En Churchill et al. 2000 como Polytrichum ericoides Hampe. 
Bryophyta;Polytrichopsida;;Polytrichales;Polytrichaceae;1;Polytrichadelphus;longisetus;;;(Brid.) Mitt.;Polytrichadelphus longisetus;6;;0;Am 4.;Venezuela, Colombia, Ecuador y Perú;;;;Terrestre;Talud;;;;;;;;
Bryophyta;Polytrichopsida;;Polytrichales;Polytrichaceae;1;Polytrichadelphus;peruvianus;;;Broth.;Polytrichadelphus peruvianus;6;;0;Am 4.;Venezuela, Ecuador y Perú;Venezuela,  Perú;;;;;;;;;;;;
Bryophyta;Polytrichopsida;;Polytrichales;Polytrichaceae;1;Polytrichadelphus;valenciae;;;(Müll. Hal.) Paris;Polytrichadelphus valenciae;6;;0;Am 4.;Venezuela, Colombia y Ecuador;Venezuela, Colombia y Ecuador.;;;;;;;;;;;;
Bryophyta;Polytrichopsida;;Polytrichales;Polytrichaceae;1;Polytrichastrum;tenellum;;;(Müll. Hal.) G. L. Sm;Polytrichastrum tenellum;6;;0;Am 4.;Buscar;Venezuela,  Colombia,  Ecuador,  Perú, Bolivia;;;;;;;;;;;;
Bryophyta;Polytrichopsida;;Polytrichales;Polytrichaceae;1;Polytrichum;brachymitrium;;;Müll. Hal.;Polytrichum brachymitrium;6;;1;Am 4.;Venezuela;;;;;;;;;;;;;
Bryophyta;Polytrichopsida;;Polytrichales;Polytrichaceae;1;Polytrichum;commune;;;Hedw.;Polytrichum commune;6;;0;Am 1, Am 2, Am 4, Am 5, Afr 1, Afr 2, Afr 4 As 1, As 2, As 5, Austr 1, Austr 2, Eur.;;;;;Terrestre, Saxícola;Talud # Roca ígnea;;;;;;;;Crece sobre faldas secas de rocas igneas y rocas de limonita
Bryophyta;Polytrichopsida;;Polytrichales;Polytrichaceae;1;Polytrichum;juniperinum;;;Hedw;Polytrichum juniperinum;6;;0;Cosm.;;Venezuela,  Colombia,  Perú,  Bolivia,  Ecuador,  Argentina;;;Terrestre;Suelo;;;;;;;;En Pittier como Polytrichum altisetum C. Müll y como Polytrichum aristiflorum  Mitt.
Bryophyta;Bryopsida;Dicranidae;Pottiales;Pottiaceae;1;Polytrichum;juniperinum;var. juniperinum;;;Polytrichum juniperinum var. juniperinum;8;;0;;;;;;;;;;;;;;;En Pittier 1936 Polytrichum antillarum Rich. In C. Müll. Syn.
Bryophyta;Bryopsida;Dicranidae;Pottiales;Pottiaceae;1;Steereobryon;subulirostrum;;;(Schimp. ex Besch.) G. L. Sm;Steereobryon subulirostrum;6;;0;Am 2, Am 3, Am 4.;;Venezuela,  Colombia,  Ecuador,  Bolivia;;;;;;;;;;;;
Bryophyta;Bryopsida;Dicranidae;Pottiales;Pottiaceae;1;Aloinella;venezuelana;;;Griffin;Aloinella venezuelana;6;;1;Am 4.;Venezuela;;;;;;Venezuela;EN;A3c;León et al. 2013b;;;;"(Holotype: FLAS; isotypes: MEXU, TENN)"
Bryophyta;Bryopsida;Dicranidae;Pottiales;Pottiaceae;1;Anoectangium;aestivum;;;(Hedw.) Mitt.;Anoectangium aestivum;6;;0;Am 1, Am 2, Am 3, Am 4, Am 5, Afr 1, Afr 2, As 2, As 3, As 4, Austr 2, Eur, Oc.;;Venezuela,  Colombia,  Bolivia,  Ecuador;;;;;;;;;;;;
Bryophyta;Bryopsida;Dicranidae;Pottiales;Pottiaceae;1;Anoectangium;weisioides;;;Müll. Hal.;Anoectangium weisioides;6;;1;Am 4.;Venezuela;Venezuela;;;;;;;;;;;;
Bryophyta;Bryopsida;Dicranidae;Pottiales;Pottiaceae;1;Barbula;arcuata;;;Griff.;Barbula arcuata;6;;0;;;Colombia,  Ecuador,  Perú,  Bolivia. At elevations from 365-2000 m Colombia: 1380-2000 m,  Ecuador: 365-450 m,  Perú: 700-1000 m,  Bolivia: 500-1000 m. Pantropical absent in África. Some authors have placed this taxon in the genus Hydrogonium.;;;Saxícola;Roca;;;;;;;;Sobre travertino del lecho de la quebrada.
Bryophyta;Bryopsida;Dicranidae;Pottiales;Pottiaceae;0;Barbula;erosa;;;Hampe;Barbula erosa;6;;0;;;;;;;;;;;;;;;
Bryophyta;Bryopsida;Dicranidae;Pottiales;Pottiaceae;1;Barbula;fendleri;;;Müll. Hal.;Barbula fendleri;6;;1;Am 4.;Venezuela;Venezuela;;;;;;;;;;;;Ecology and distribution. Venezuela: ? m. Status unknown. (Trópicos A)
Bryophyta;Bryopsida;Dicranidae;Pottiales;Pottiaceae;1;Barbula;indica;;;(Hook.) Spreng;Barbula indica;6;;0;;;;;;Terrestre, Saxícola;Suelo # Roca calcárea;;;;;;;;En Pittier 1936 como Barbula cruegeri Sond. 
Bryophyta;Bryopsida;Dicranidae;Pottiales;Pottiaceae;1;Barbula;subreflexifolia;;;Müll. Hal.;Barbula subreflexifolia;6;;1;Am 4.;Venezuela;Venezuela;;;;;;;;;;;;
Bryophyta;Bryopsida;Dicranidae;Pottiales;Pottiaceae;1;Bellibarbula;recurva;;;(Griff.) R. H. Zander;Bellibarbula recurva;6;;0;Am 1, Am 2, Am 4, As 2, As 3.;;Bolivia, Alemania, México, Nepal, Estados Unidos, Venezuela;;;;;;;;;;;;
Bryophyta;Bryopsida;Dicranidae;Pottiales;Pottiaceae;1;Bryoerythrophyllum;bolivianum;;;(Müll. Hal.) R. H. Zander;Bryoerythrophyllum bolivianum;6;;0;;;Venezuela,  Perú,  Bolivia;;;;;;;;;;;;
Bryophyta;Bryopsida;Dicranidae;Pottiales;Pottiaceae;1;Bryoerythrophyllum;campylocarpum;;;(Taylor) H. A. Crum;Bryoerythrophyllum campylocarpum;6;;0;Am 2, Am 3, Am 4, 6, Afr 2, Afr 4, As 2, As 3, Eur.;;Bolivia,  Jamaica,  República Dominicana,  Chile,  Colombia,  Costa Rica,  Ecuador,  Honduras,  Kenia,  Malawi,  México, Colombia, Perú,  Panamá,  Sudáfrica ,  Tanzania,  Ruanda,  Uganda , Venezuela. At elevations from 1500-4200 m Venezuela: ? m,  Colombia: 2000-3500 m,  Ecuador: 1860-3560 m,  Perú: 2100 m,  Bolivia: 1500-4200 m. Widespread,  in the Neotropics confined to high elevations.;;;;;;;;;;;;
Bryophyta;Bryopsida;Dicranidae;Pottiales;Pottiaceae;1;Bryoerythrophyllum;inaequalifolium;;;(Taylor) R. H. Zander;Bryoerythrophyllum inaequalifolium;6;;0;Am 1, Am 2, Am 4, Afr 1, As 2, As 3, As 4.;;Bolivia, Islas Canarias, República Dominicana, Haití, Colombia, Costa Rica, India, México, Federación Rusa, España, Estados Unidos, Venezuela, Reunión;;;;;;;;;;;;
Bryophyta;Bryopsida;Dicranidae;Pottiales;Pottiaceae;1;Bryoerythrophyllum;jamesonii;;;(Taylor) H. A. Crum;Bryoerythrophyllum jamesonii;6;;0;Am 2, Am 4.;;Bolivia, Colombia, Costa Rica, Ecuador, Grecia, Lesoto, México, Nepal, Nueva Zelanda, Perú, Venezuela, Australia, Sudáfrica;;;;;;;;;;;;
Bryophyta;Bryopsida;Dicranidae;Pottiales;Pottiaceae;1;Bryoerythrophyllum;recurvirostrum;;;(Hedw.) P.C. Chen;Bryoerythrophyllum recurvirostrum;6;;0;;;;;;Terrestre;Suelo rocoso;;;;;;;;
Bryophyta;Bryopsida;Dicranidae;Pottiales;Pottiaceae;1;Bryoerythrophyllum;recurvirostrum;var. aeneum;;(Müll. Hal.) R. H. Zander;Bryoerythrophyllum recurvirostrum var. aeneum;8;;0;Am 2, Am 4.;;Bolivia,  Guatemala,  México, Colombia, Estados Unidos;;;;;;;;;;;;
Bryophyta;Bryopsida;Dicranidae;Pottiales;Pottiaceae;1;Didymodon;australasiae;;;(Hook. & Grev.) R.H. Zander;Didymodon australasiae;6;;0;Am 1, Am 2, Am 3, Am 4, 6, Afr 1, Austr 1, Austr 2, Eur.;;Venezuela;;;;;;;;;;;;En Pittier 1936 como Didymodon diaphanobasis Cardot y como Barbula ecuadoriensis Broth. 
Bryophyta;Bryopsida;Dicranidae;Pottiales;Pottiaceae;1;Didymodon;bartramii;;;R.H. Zander;Didymodon bartramii;6;;1;Am 4.;Venezuela;;;;;;;;;;;;;
Bryophyta;Bryopsida;Dicranidae;Pottiales;Pottiaceae;1;Didymodon;inundatus;;;(Mitt.) Broth.;Didymodon inundatus;6;;0;Am 4, Am 6.;;Venezuela,  Ecuador. At elevations from 1000-3570 m Venezuela: 1000 m,  Ecuador: 3570 m. Trópicoas A;;;;;;;;;;;;Status Unknown  en Tropicos.org (ANBRY)
Bryophyta;Bryopsida;Dicranidae;Pottiales;Pottiaceae;1;Didymodon;laevigatus;;;(Mitt.) R. H. Zander;Didymodon laevigatus;6;;0;Am 4, Am 6.;;Bolivia,  República Dominicana,  Colombia,  Costa Rica,  Ecuador,  Guatemala,  Nueva Guinea,  Perú;;;;;;;;;;;;
Bryophyta;Bryopsida;Dicranidae;Pottiales;Pottiaceae;1;Didymodon;moritzianus;;;(Müll. Hal.) Broth.;Didymodon moritzianus;6;;1;Am 4.;Venezuela;;;;;;;;;;;;;
Bryophyta;Bryopsida;Dicranidae;Pottiales;Pottiaceae;1;Kingiobryum;paramicola;;;H. Rob.;Kingiobryum paramicola;6;;0;Am 4.;Venezuela y Colombia;;;;;;Venezuela;VU;D2;León et al. 2013b;;;;
Bryophyta;Bryopsida;Dicranidae;Pottiales;Pottiaceae;1;Didymodon;rigidulus;;;Hedw.;Didymodon rigidulus;6;;0;;;;;;;;;;;;;;;
Bryophyta;Bryopsida;Dicranidae;Pottiales;Pottiaceae;1;Didymodon;rigidulus;var. rigidulus;;;Didymodon rigidulus var. rigidulus;8;;0;Am 1, Am 4, Am 6, Afr 1, As 1, As 2, As 3, As 5, Eur.;;Bolivia, México, Colombia, Estados Unidos , Venezuela,  Colombia,  Ecuador,  Perú. At elevations from 2600-4300 m Venezuela: ? m,  Colombia: 2940 m,  Ecuador: 4000-4300 m,  Perú: 2600-4300 m.;;;;;;;;;;;;
Bryophyta;Bryopsida;Dicranidae;Pottiales;Pottiaceae;1;Didymodon;rigidulus;var. gracilis;;(Hook. & Grev.) R. H. Zander;Didymodon rigidulus var. gracilis;8;;0;Am 1, Am 2, Am 4, Afr 1, As 1, As 3, As 5, Eur.;;"Argelia,  Canadá,  Colombia,  Alemania,  Grecia,  Italia,  México, Colombia, Colombia, Rusia,  Túnez,  Estados Unidos,  Venezuela,  Perú. At elevations from 300-3200 m Venezuela: 3200 m,  Colombia: 300-2615 m,  Perú: 2600-3000 m. North and América Central,  probably widespread in the Andes; EuroPerú,  Middle East,  Asia.";;;;;;;;;;;;
Bryophyta;Bryopsida;Dicranidae;Pottiales;Pottiaceae;1;Didymodon;rigidulus;var. icmadophilus;;(Müll. Hal.) R. H. Zander;Didymodon rigidulus var. icmadophilus;8;;0;Am 1, Am 2, Am 4, Afr 1, As 1, As 3, As 5, Eur.;;Canadá, Colombia, Costa Rica, Guatemala, Islandia, Kazakstán, México, Estados Unidos, Venezuela;;;Epífito;Muro;;;;;;;;Sobre cemento. Pico. Iluminado.
Bryophyta;Bryopsida;Dicranidae;Pottiales;Pottiaceae;1;Didymodon;taylorii;;;R. H. Zander;Didymodon taylorii;6;;0;;;Venezuela,  Colombia,  Ecuador y Bolivia;;;Terrestre, Epífito;Suelo # Muro;;;;;;;;
Bryophyta;Bryopsida;Dicranidae;Pottiales;Pottiaceae;1;Didymodon;umbrosus;;;(Müll. Hal.) R. H. Zander;Didymodon umbrosus;6;;0;;;Argentina, Bolivia, Chile, Colombia, México, Paraguay, Perú, Estados Unidos, Venezuela;;;;;;;;;;;;
Bryophyta;Bryopsida;Dicranidae;Pottiales;Pottiaceae;1;Didymodon;vinealis;;;(Brid.) R. H. Zander;Didymodon vinealis;6;;0;Am 1, Am 2, Am 4, Am 6, Afr 1, As 1, As 2, As 3, As 5 Eur, Oc.;;Canadá, Caribe, Chile, Islas Canarias, Costa Rica, Ecuador, Egipto, Islas Malvinas, Francia, Alemania, Grecia, Islandia, India, Israel, Italia, Kazakstán, México, Mongolia, Nepal, Federación Rusa, España, Tanzania, Tunicia, Estados Unidos . At elevations from 1600-4500 m Venezuela: 1600-3600 m,  Colombia: 2770 m,  Ecuador: 2550-3000 m,  Perú: 3650 m,  Bolivia: 3000-4500 m. Western North América,  Central and América del Sur,  EuroPerú,  Asia and África.;;;;;;;;;;;;
Bryophyta;Bryopsida;Dicranidae;Pottiales;Pottiaceae;1;Dolotortula;mniifolia;;;(Sull.) R. H. Zander;Dolotortula mniifolia;6;;0;Am 2, Am 3, Am 4.;;Venezuela,  Perú,  Bolivia,  Ecuador,  Colombia,  Argentina;;;;;;;;;;;;
Bryophyta;Bryopsida;Dicranidae;Pottiales;Pottiaceae;1;Gymnostomiella;vernicosa;;;(Hook. ex Harv.) M. Fleisch.;Gymnostomiella vernicosa;6;;0;Am 1, Am 2, Am 3, Am 4, Am 5;;;;;Terrestre;Suelo;;;;;;;;
Bryophyta;Bryopsida;Dicranidae;Pottiales;Pottiaceae;1;Gymnostomum;aeruginosum;;;Sm.;Gymnostomum aeruginosum;6;;0;Am 1, Am 2, Am 3, Am 4, Am 6, Afr 1, Afr 4, As 1, As 2, As 3, As 5, Austr 1, Austr 2, Eur, Oc.;;;;;;;;;;;;;;
Bryophyta;Bryopsida;Dicranidae;Pottiales;Pottiaceae;1;Gymnostomum;calcareum;;;Nees & Hornsch.;Gymnostomum calcareum;6;;0;;;Europa,  Asia y África;;;;;;;;;;;;
Bryophyta;Bryopsida;Dicranidae;Pottiales;Pottiaceae;0;Gymnostomum;venezuelense;;;(Müll. Hal.) Paris;Gymnostomum venezuelense;6;;1;;;Venezuela;;;;;;;;;;;;En Pittier 1936 como Hyophila tortula (Schwägr.) Hampe 
Bryophyta;Bryopsida;Dicranidae;Pottiales;Pottiaceae;1;Hymenostylium;recurvirostrum;;;(Hedw.) Dixon;Hymenostylium recurvirostrum;6;;0;;;Afganistán, Armenia, Austria, Belice, Bolivia, Brasil, Canadá, Cuba, República Dominicana, Haití, Jamaica, Puerto Rico, Chile, China, Colombia, Costa Rica, Dinamarca, Ecuador, Egipto, Finlandia, Gran Bretaña, Grecia, Guatemala, Hawái , Honduras, India, Islandia, Lesoto, Italia, México, Namibia, Nueva Zelanda, Papua Nueva Guinea, Perú, filipinas, Rusia, Sur África, Sri Lanka, Suecia, Suiza, Tanzania, Estados Unidos, Venezuela, Vietnam;;;;;;;;;;;;
Bryophyta;Bryopsida;Dicranidae;Pottiales;Pottiaceae;1;Hymenostylium;recurvirostrum;var. recurvirostre;;;Hymenostylium recurvirostrum var. recurvirostre;8;;0;Am 1, Am 2, Am 3, Am 4, Am 6, Afr 1, Afr 3, Afr 4, As 1, As 2, As 3, As 4, As 5, Austr 1, Austr 2, Eur.;;India,  Estados Unidos,  Canadá,  Groenlandia,  Hawái, Islandia;;;;;;;;;;;;
Bryophyta;Bryopsida;Dicranidae;Pottiales;Pottiaceae;1;Hyophila;involuta;;;(Hook.) A. Jaeger;Hyophila involuta;6;;0;Am 1, Am 2, Am 3, Am 4, Am 5, Afr 4, As 2, As 3, As 4, Eur, Oc.;;Venezuela,  Colombia,  Perú,  Bolivia,  Ecuador;;;Epífito;Muro;;;;;;;;
Bryophyta;Bryopsida;Dicranidae;Pottiales;Pottiaceae;1;Hyophila;involutifolia;;;(Müll. Hal.) A. Jaeger;Hyophila involutifolia;6;;0;;;Venezuela;;;;;;;;;;;;
Bryophyta;Bryopsida;Dicranidae;Pottiales;Pottiaceae;1;Leptodontium;brachyphyllum;;;Broth. & Thér.;Leptodontium brachyphyllum;6;;0;Am 2, Am 4, Afr 4.;;Venezuela  México, Colombia, Guatemala,  Costa Rica,  Colombia,  Perú,  Bolivia;;;Terrestre;Suelo, Humus;;;;;;;;
Bryophyta;Bryopsida;Dicranidae;Pottiales;Pottiaceae;1;Leptodontium;capituligerum;;;C. Muell.;Leptodontium capituligerum;6;;0;Am 2, Am 4, Am 5, Am 6, Afr 2, Afr 3.;;;;;Acuático;Sumergido;;;;;;;;Crece sumergido en pantanos de poca profundidad.
Bryophyta;Bryopsida;Dicranidae;Pottiales;Pottiaceae;1;Leptodontium;erythroneuron;;;Herzog;Leptodontium erythroneuron;6;;0;Am 4.;Venezuela, Colombia, Ecuador, Peru y Bolivia;;;;Saxícola;Roca;;;;;;;;
Bryophyta;Bryopsida;Dicranidae;Pottiales;Pottiaceae;1;Leptodontium;filicola;;;Herzog;Leptodontium filicola;6;;0;Am 4, Am 5, Am 6.;;Venezuela,  Colombia,   Perú,  Bolivia,  Chile,  Brasil;;;;;;;;;;;;
Bryophyta;Bryopsida;Dicranidae;Pottiales;Pottiaceae;1;Leptodontium;flexifolium;;;(Dicks.) Hampe;Leptodontium flexifolium;6;;0;Am 1, Am 2, Am 4, Afr 2, As 3, As 4.;;Venezuela,  Colombia,  Ecuador,  Bolivia;;;;;;;;;;;;
Bryophyta;Bryopsida;Dicranidae;Pottiales;Pottiaceae;1;Leptodontium;longicaule;;;Mitt.;Leptodontium longicaule;6;;0;;;;;;;;;;;;;;;
Bryophyta;Bryopsida;Dicranidae;Pottiales;Pottiaceae;1;Leptodontium;longicaule;var. longicaule;;;Leptodontium longicaule var. longicaule;8;;0;Am 2, Am 4, Afr 2, Afr 3, Afr 4.;;Venezuela,  Colombia,  Ecuador,  Bolivia;;;;;;;;;;;;
Bryophyta;Bryopsida;Dicranidae;Pottiales;Pottiaceae;1;Leptodontium;longicaule;var. microruncinatum;;(Dusén) R.H. Zander;Leptodontium longicaule var. microruncinatum;8;;0;Am 4, Am 6, Afr 2, Afr 3, Afr 4.;;Venezuela,  Colombia,  Ecuador;;;;;;;;;;;;
Bryophyta;Bryopsida;Dicranidae;Pottiales;Pottiaceae;1;Leptodontium;luteum;;;(Taylor) Mitt.;Leptodontium luteum;6;;0;Am 4, Afr 2.;;Venezuela,  Colombia,  Ecuador,  Bolivia,  Perú;;;;;;;;;;;;
Bryophyta;Bryopsida;Dicranidae;Pottiales;Pottiaceae;1;Leptodontium;pungens;;;(Mitt.) Kindb.;Leptodontium pungens;6;;0;Am 2, Am 4, Am 5, Am 6, Afr 2.;;Venezuela,  Colombia,  Ecuador,  Bolivia,  Perú;;;;;;;;;;;;
Bryophyta;Bryopsida;Dicranidae;Pottiales;Pottiaceae;1;Leptodontium;stellaticuspis;;;E.B. Bartram;Leptodontium stellaticuspis;6;;0;Am 4.;Venezuela, Colombia y Ecuador;;;;Acuático;Sumergido;;;;;;;;Crece sumergido en pantanos de poca profundidad.
Bryophyta;Bryopsida;Dicranidae;Pottiales;Pottiaceae;1;Leptodontium;stellatifolium;;;(Hampe) Broth.;Leptodontium stellatifolium;6;;0;;;;;;;;;;;;;;;
Bryophyta;Bryopsida;Dicranidae;Pottiales;Pottiaceae;0;Leptodontium;viticulosoides;;;(P. Beauv.) Wijk & Margad.;Leptodontium viticulosoides;6;;0;;;;;;;;;;;;;;;
Bryophyta;Bryopsida;Dicranidae;Pottiales;Pottiaceae;1;Leptodontium;viticulosoides;var. panamense;;(Lorentz) R.H. Zander;Leptodontium viticulosoides var. panamense;8;;0;;;Venezuela;;;;;;;;;;;;En Pittier 1936 como Leptodontium procumbens Müll. Hal., como Leptodontium subcirrhifolium C. Müll, y como Leptodontium ulocalyx (Müll. Hal.) Mitt. En Churchill et al. 2000 como Leptodontium subcirrhifolium (Müll. Hal.) Kindb.)
Bryophyta;Bryopsida;Dicranidae;Pottiales;Pottiaceae;1;Leptodontium;viticulosoides;var. viticulosoides;;;Leptodontium viticulosoides var. viticulosoides;8;;0;Am 2, Am 4, Am 5, Am 6, Afr 2, Afr 3, Afr 4, As 3, As 4.;;Venezuela,  Colombia,  Bolivia,  Perú,  Argentina;;;;;;;;;;;;
Bryophyta;Bryopsida;Dicranidae;Pottiales;Pottiaceae;1;Leptodontium;viticulosoides;var. sulphureum;;(Müll. Hal.) R. H. Zander;Leptodontium viticulosoides var. sulphureum;8;;0;Am 2, Am 3, Am 4, Am 5;;Venezuela,  Colombia,  Ecuador,  Bolivia;;;;;;;;;;;;
Bryophyta;Bryopsida;Dicranidae;Pottiales;Pottiaceae;1;Leptodontium;wallisii;;;(Müll. Hal.) Kindb.;Leptodontium wallisii;6;;0;Am 4.;;Venezuela,  Colombia,  Ecuador,  Bolivia,  Perú;;;Epífito, Saxícola;Rama, Roca;;;;;;;;Epifito sobre shrubby Chaetolepis, Roca
Bryophyta;Bryopsida;Dicranidae;Pottiales;Pottiaceae;1;Molendoa;sendtneriana;;;(Bruch & Schimp.) Limpr.;Molendoa sendtneriana;6;;0;Am 2, Am 4, Am 6, As 1, As 2, As 3, Eur.;;;;;;;;;;;;;;
Bryophyta;Bryopsida;Dicranidae;Pottiales;Pottiaceae;1;Mironia;ehrenbergiana;;;(Müll. Hal.) Thér.;Mironia ehrenbergiana;6;;0;;;Venezuela,  Colombia,  Ecuador,  Bolivia;;;Terrestre, Saxícola;Suelo # Roca;;;;;;;;
Bryophyta;Bryopsida;Dicranidae;Pottiales;Pottiaceae;0;Mironia;ehrenbergiana;var. ehrenbergiana;;;Mironia ehrenbergiana var. ehrenbergiana;8;;0;Am 2, Am 4.;;;;;;;;;;;;;;En Trópicos.org (ANBRY) no salen las variedades
Bryophyta;Bryopsida;Dicranidae;Pottiales;Pottiaceae;1;Mironia;ehrenbergiana;var. elongata;;(Mitt.) R. H. Zander;Mironia ehrenbergiana var. elongata;8;;0;Am 4.;Venezuela, Ecuador y Perú;;;;;;;;;;;;;En Trópicos.org (ANBRY) no salen las variedades
Bryophyta;Bryopsida;Dicranidae;Pottiales;Pottiaceae;1;Pseudosymblepharis;schimperiana;;;(Paris) H.A. Crum;Pseudosymblepharis schimperiana;6;;0;Am 1, Am 2, Am 3, Am 4, Am 5, Am 6, Afr 2, Afr 4.;;Venezuela,  Colombia,  Ecuador,  Perú;;;Saxícola;Roca;;;;;;;;
Bryophyta;Bryopsida;Dicranidae;Pottiales;Pottiaceae;1;Plaubelia;sprengelii;;;(Schwägr.) R. H. Zander;Plaubelia sprengelii;6;;0;;;Venezuela,  Bolivia;;;;;;;;;;;;
Bryophyta;Bryopsida;Dicranidae;Pottiales;Pottiaceae;1;Pseudocrossidium;replicatum;;;(Taylor) R. H. Zander;Pseudocrossidium replicatum;6;;0;;;Venezuela,  Colombia,  Ecuador,  Bolivia,  Perú;;;;;;;;;;;;En Pittier 1936 como Barbula spiralis Schimp.
Bryophyta;Bryopsida;Dicranidae;Pottiales;Pottiaceae;0;Pseudocrossidium;replicatum;var. replicatum;;;Pseudocrossidium replicatum var. replicatum;8;;0;Am 1, Am 2, Am 4, Am 5, Am 6, Afr 2, Afr 4.;;;;;;;;;;;;;;En Trópicos.org (ANBRY) no sale esta variedad
Bryophyta;Bryopsida;Dicranidae;Pottiales;Pottiaceae;1;Scopelophila;ligulata;;;(Spruce) Spruce;Scopelophila ligulata;6;;0;;;Venezuela,  Colombia,  Ecuador,  Bolivia,  Perú;;;;;;;;;;;;
Bryophyta;Bryopsida;Dicranidae;Pottiales;Pottiaceae;1;Streptopogon;calymperes;;;Müll. Hal;Streptopogon calymperes;6;;0;Am 2, Am 3, Am 4, Am 5, Afr 3.;;Venezuela,  Colombia,  Bolivia,  Perú,  Argentina,  Ecuador;;;Epífito, Saxícola;Tronco # Roca;;;;;;;;
Bryophyta;Bryopsida;Dicranidae;Pottiales;Pottiaceae;1;Streptopogon;cavifolius;;;Mitt.;Streptopogon cavifolius;6;;0;Am 2, Am 3, Am 4.;;Venezuela,  Colombia,  Bolivia;;;Epífito;Rama, Arbusto;;;;;;;;Crece sobre plantas de café
Bryophyta;Bryopsida;Dicranidae;Pottiales;Pottiaceae;1;Streptopogon;erythrodontus;;;(Taylor) Wilson;Streptopogon erythrodontus;6;;0;;;Venezuela,  Colombia,  Ecuador,  Bolivia,  Perú;;;Epífito;Rama, Tronco, Arbol;;;;;;;;Sobre tronco de Solanum.
Bryophyta;Bryopsida;Dicranidae;Pottiales;Pottiaceae;0;Streptopogon;erythrodontus;var. erythrodontus;;;Streptopogon erythrodontus var. erythrodontus;8;;0;Am 2, Am 3, Am 4, Afr 3, Oc.;;;;;;;;;;;;;;En Trópicos.org (ANBRY) no sale esta variedad
Bryophyta;Bryopsida;Dicranidae;Pottiales;Pottiaceae;1;Streptopogon;lindigii;;;Hampe;Streptopogon lindigii;6;;0;Am 4.;Venezuela, Colombia, Ecuador, Perú y Bolivia?;Venezuela,  Colombia,  Ecuador,  Perú y Bolivia;;;Epífito;;Colombia;VU;D2;Linares & Uribe 2002;;;;
Bryophyta;Bryopsida;Dicranidae;Pottiales;Pottiaceae;1;Symphyodon;pygmaeus;;;(Broth.) S. He & Snider;Symphyodon pygmaeus;6;;0;;;;;;;;;;;;;;;
Bryophyta;Bryopsida;Dicranidae;Pottiales;Pottiaceae;1;Syntrichia;amphidiacea;;;(Müll. Hal.) R. H. Zander;Syntrichia amphidiacea;6;;0;Am 1, Am 2, Am 3, Am 4, Afr 2.;;Bolivia,  Brasil. Colombia,  Costa Rica,  Guatemala,  Honduras,  México, Colombia, Nicaragua,  Estados Unidos, Venezuela,   Ecuador,  Perú,  Bolivia, Estados Unidos,  México, Colombia, América Central,  Colombia, Bolivia. At elevations from 960-3500 m Venezuela: 3400-3500 m,  Colombia: 1410-2750 m,  Ecuador: 3355 m,  Perú: 3000 m,  Bolivia: 960-1950 m. Southeast Estados Unidos,  México, Colombia, América Central,  Colombia to Bolivia.;;;;;;;;;;;;
Bryophyta;Bryopsida;Dicranidae;Pottiales;Pottiaceae;1;Syntrichia;andicola;;;(Mont.) Ochyra;Syntrichia andicola;6;;0;Am 2, Am 4.;;Venezuela,  Colombia,  Ecuador;;;Terrestre, Saxícola;Suelo # Roca;;;;;;;;"En Griffin 1975 como Tortula goudotii (Hampe) Mitt.; En Pittier 1936 como Tortula andicula Mont. "
Bryophyta;Bryopsida;Dicranidae;Pottiales;Pottiaceae;1;Syntrichia;bogotensis;;;(Hampe) Mitt.;Syntrichia bogotensis;6;;0;Am 4.;Venezuela, Colombia, Ecuador y Perú;Bolivia,  Colombia,  Guatemala,  Perú, Venezuela,  Colombia,  Ecuador,  Perú,  Bolivia, México,  Guatemala,   Bolivia. Perú  at elevations from 2460-4250 m Venezuela: ? m,  Colombia: 2460-3075 m,  Ecuador: 3950 m,  Perú: 4250 m,  Bolivia: 3800 m. México, Colombia, América Central Guatemala,  Colombia to Bolivia.;;;;;;;;;;;;
Bryophyta;Bryopsida;Dicranidae;Pottiales;Pottiaceae;1;Syntrichia;fragilis;;;(Taylor) Ochyra;Syntrichia fragilis;6;;0;Am 1, Am 2, Am 3, Am 4, Am 5, Am 6, Afr 3, Afr 4, As 3.;;Venezuela,  Colombia,  Ecuador,  Bolivia,  Perú;;;Epífito;Muro;;;;;;;;
Bryophyta;Bryopsida;Dicranidae;Pottiales;Pottiaceae;1;Tortella;humilis;;;(Hedw.) Jenn.;Tortella humilis;6;;0;Am 1, Am 2, Am 3, Am 4, Am 5, Am 6, Afr 1, Afr 2, Afr 3, Afr 4, As 2, As 5, Eur, Oc.;;Venezuela,  Ecuador,  Bolivia;;;Epífito;Base de tronco;;;;;;;;
Bryophyta;Bryopsida;Dicranidae;Pottiales;Pottiaceae;1;Tortella;tortuosa;;;(Hedw.) Limpr;Tortella tortuosa;6;;0;;;Neotrópico;;;;;;;;;;;;
Bryophyta;Bryopsida;Dicranidae;Pottiales;Pottiaceae;0;Tortula;goudotii;;;(Hampe) Mitt.;Tortula goudotii;6;;0;;;;;;;;;;;;;;;
Bryophyta;Bryopsida;Dicranidae;Pottiales;Pottiaceae;0;Tortula;goudotii;var. goudotii;;;Tortula goudotii var. goudotii;8;;0;Am 4.;Venezuela y Colombia;;;;;;;;;;;;;
Bryophyta;Bryopsida;Dicranidae;Pottiales;Pottiaceae;1;Tortula;subulata;;;Hedw.;Tortula subulata;6;;0;;;;;;;;;;;;;;;En Pittier 1936 como Tortula elongata (Wils.) Mitt
Bryophyta;Bryopsida;Dicranidae;Pottiales;Pottiaceae;1;Trichostomum;arboreum;;;(Mitt.) R.H. Zander;Trichostomum arboreum;6;;0;Am 4, Am 5.;;"Brasil , Venezuela,  Bolivia. Venezuela,  Brasil  At elevations from 100-1000 m Venezuela: 100-1000 m,  Bolivia: ? m.
Specimens. VENEZUELA. Sin. loc. Pittier 11653 MO.";;;Terrestre;Suelo;;;;;;;;En Pittier 1936 como Hyophila arborea (Mitt.) A. Jaeger
Bryophyta;Bryopsida;Dicranidae;Pottiales;Pottiaceae;1;Trichostomum;brachydontium;;;Bruch;Trichostomum brachydontium;6;;0;Am 1, Am 2, Am 3, Am 4, 6, Afr 1, Afr 2, Afr 3, Afr 4, As 1, As 2, As 3, As 5, Eur.;;Centro y América del Sur. Specimens. VENEZUELA. Sin. loc. Pittier 11653 MO.;;;Terrestre;Suelo;;;;;;;;
Bryophyta;Bryopsida;Dicranidae;Pottiales;Pottiaceae;1;Trichostomum;sinaloense;;;(E.B. Bartram) R.H. Zander;Trichostomum sinaloense;6;;0;Am 2, Am 3.;;;;;Terrestre;Suelo;;;;;;;;En Pittier 1936 como Hyophila microcarpa Broth
Bryophyta;Bryopsida;Dicranidae;Pottiales;Pottiaceae;0;Trichostomum;tenuirostre;;;(Hook. & Taylor) Lindb.;Trichostomum tenuirostre;6;;0;;;;;;;;;;;;;;;
Bryophyta;Bryopsida;Dicranidae;Pottiales;Pottiaceae;0;Trichostomum;tenuirostre;var. gemmiparum;;(Schimp.) R.H. Zander;Trichostomum tenuirostre var. gemmiparum;8;;0;;;;;;;;;;;;;;;Aceptado por Robinson, H. 1970 y Zander, R. H. 1993
Bryophyta;Bryopsida;Dicranidae;Pottiales;Pottiaceae;1;Trichostomum;tenuirostre;var. tenuirostre;;;Trichostomum tenuirostre var. tenuirostre;8;;0;Am 1, Am 2, Am 3, Am 4, Am 5, Afr 1, Afr 2, Afr 3, Afr 4, As 1, As 3, Eur, Oc.;;Canadá,  Estados Unidos;;;;;;;;;;;;
Bryophyta;Bryopsida;Dicranidae;Pottiales;Pottiaceae;0;Trichostomum;tovarense;;;Müll. Hal.;Trichostomum tovarense;6;;1;Am 4.;Venezuela;;;;;;;;;;;;;
Bryophyta;Bryopsida;Dicranidae;Pottiales;Pottiaceae;0;Trichostomopsis;curvipes;;;(Müll. Hal.) H. Rob.;Trichostomopsis curvipes;6;;0;;;;;;;;;;;;;;;
Bryophyta;Bryopsida;Dicranidae;Pottiales;Pottiaceae;1;Trichostomum;wagneri;;;(Müll. Hal.) Broth.;Trichostomum wagneri;6;;1;;;;;;;;;;;;;;;
Bryophyta;Bryopsida;Dicranidae;Pottiales;Pottiaceae;1;Uleobryum;peruvianum;;;Broth;Uleobryum peruvianum;6;;0;;;Venezuela;;;;;;;;;;;;
Bryophyta;Bryopsida;Dicranidae;Pottiales;Pottiaceae;1;Weissia;controversa;;;Hedw.;Weissia controversa;6;;0;Cosm.;;Colombia. Ampliamente distribuida en el neotrópico;;;;;;;;;;;;
Bryophyta;Bryopsida;Bryidae;Hypnales;Prionodontaceae;1;Weissia;jamaicensis;;;(Mitt.) Grout;Weissia jamaicensis;6;;0;Am 1, Am 2, Am 3, Am 4, Am 5;;Venezuela,  Colombia;;;Saxícola;Roca;;;;;;;;En Pittier 1936 como Trichostomum linealifolium Müll. Hal.
Bryophyta;Bryopsida;Bryidae;Hypnales;Prionodontaceae;1;Prionodon;densus;;;(Hedw.) Müll. Hal.;Prionodon densus;6;;0;Am 2, Am 3, Am 4, Am 5;;Venezuela,  Colombia,  Ecuador,  Bolivia,  Perú,  Argentina;;;Epífito;Tronco, Arbol;;;;;;;;En Griffin 1975 como Prionodon dichotomus Hampe
Bryophyta;Bryopsida;Bryidae;Hypnales;Prionodontaceae;1;Prionodon;fuscolutescens;;;Hampe;Prionodon fuscolutescens;6;;0;Am 2, Am 3, Am 4;;Venezuela,  Colombia,  Ecuador,  Bolivia,  Perú;;;Lignícola;Madera en descomposición;;;;;;;;
Bryophyta;Bryopsida;Bryidae;Hypnales;Pterobryaceae;1;Prionodon;lycopodioides;;;Hampe;Prionodon lycopodioides;6;;0;;;Venezuela;;;;;;;;;;;;
Bryophyta;Bryopsida;Bryidae;Hypnales;Pterobryaceae;1;Calyptothecium;duplicatum;;;( Schwägr.) Broth;Calyptothecium duplicatum;6;;0;Am 2, Am 3, Am 4;;Venezuela,  Colombia,  Ecuador,  Bolivia,  Perú;;;Epífito;;;;;;;;;
Bryophyta;Bryopsida;Bryidae;Hypnales;Pterobryaceae;1;Henicodium;geniculatum;;;(Mitt.) W. R. Buck;Henicodium geniculatum;6;;0;Am 1, Am 2, Am 3, Am 4, Am 5, Afr 2, Afr 3.;;Venezuela,  Colombia,  Ecuador,  Bolivia,  Perú;;;Epífito;;;;;;;;;
Bryophyta;Bryopsida;Bryidae;Hypnales;Pterobryaceae;1;Hildebrandtiella;guyanensis;;;(Mont.) W. R. Buck;Hildebrandtiella guyanensis;6;;0;Am 2, Am 3, Am 4, Am 5;;Belice, Brasil, Cuba, Puerto Rico, Colombia, Costa Rica, Ecuador, Honduras, México, Nicaragua, Panamá, Perú, Venezuela,  México,  Indias Occidentales,   América del Sur;;;Epífito;;;;;;;;;
Bryophyta;Bryopsida;Bryidae;Hypnales;Pterobryaceae;1;Jaegerina;scariosa;;;(Lorentz) Arzeni;Jaegerina scariosa;6;;0;Am 1, Am 2, Am 3, Am 4, Am 5, Afr 2.;;Florida, Cuba, Republica Dominicana, Guatemala, Costa Rica Panamá ,Venezuela, Colombia, Bolivia, Brasil;;;Epífito;;;;;;;;;
Bryophyta;Bryopsida;Bryidae;Hypnales;Pterobryaceae;1;Orthostichopsis;auricosta;;;(Müll. Hal.) Broth.;Orthostichopsis auricosta;6;;0;;;Venezuela;;;;;;;;;;;;
Bryophyta;Bryopsida;Bryidae;Hypnales;Pterobryaceae;1;Orthostichopsis;praetermissa;;;Buck;Orthostichopsis praetermissa;6;;0;Am 2, Am 3, Am 4, Am 5;;Venezuela,  Colombia,  Ecuador,  Bolivia,  Perú,  Argentina;;;;;;;;;;;;
Bryophyta;Bryopsida;Bryidae;Hypnales;Pterobryaceae;1;Orthostichopsis;tetragona;;;(Hedw.) Broth.;Orthostichopsis tetragona;6;;0;Am 2, Am 3, Am 4, Am 5, As 2.;;Venezuela,  Colombia,  Ecuador;;;;;;;;;;;;
Bryophyta;Bryopsida;Bryidae;Hypnales;Pterobryaceae;1;Pireella;angustifolia;;;(Müll. Hal.) Arzeni;Pireella angustifolia;6;;0;Am 2, Am 3, Am 4, Am 5;;Venezuela,  Colombia,  Ecuador. Infrequent,  at 50-2115 m Venezuela: 100-870 m,  Colombia: 50-2115 m,  Ecuador: 300-1000 m. Widespread in the Indias Occidentales and América Central,  apparently rather rare in northern América del Sur.;;;;;;;;;;;;
Bryophyta;Bryopsida;Bryidae;Hypnales;Pterobryaceae;1;Pireella;cymbifolia;;;(Sull.) Cardot;Pireella cymbifolia;6;;0;Am 1, Am 2, Am 3, Am 4;;Venezuela,  Colombia. Ecuador;;;Epífito, Saxícola;;;;;;;;;
Bryophyta;Bryopsida;Bryidae;Hypnales;Pterobryaceae;1;Pireella;husnotiana;;;(Besch.) Cardot;Pireella husnotiana;6;;0;;;Venezuela;;;;;;;;;;;;
Bryophyta;Bryopsida;Bryidae;Hypnales;Pterobryaceae;1;Pireella;pohlii;;;(Schwägr.) Cardot;Pireella pohlii;6;;0;Am 1, Am 2, Am 4, Am 5.;;Venezuela,  Colombia,  Ecuador,  Bolivia,  Perú;;;;;;;;;;;;
Bryophyta;Bryopsida;Bryidae;Hypnales;Pterobryaceae;1;Pterobryon;densum;;;Hornsch.;Pterobryon densum;6;;0;Am 2, Am 3, Am 4, Am 5;;Venezuela,  Colombia,  Ecuador,  Bolivia,  Argentina;;;;;;;;;;;;
Bryophyta;Bryopsida;Bryidae;Hypnales;Pterobryaceae;1;Pterobryon;excelsum;;;Müll. Hal;Pterobryon excelsum;6;;0;;;;;;;;Colombia;VU;D2;Linares & Uribe 2002;;;;
Bryophyta;Bryopsida;Dicranidae;Grimmiales;Ptychomitriaceae;1;Pterobryopsis;mexicana;;;(Renauld & Cardot) M. Fleisch.;Pterobryopsis mexicana;6;;0;;;;;;;;;;;;;;;
Bryophyta;Bryopsida;Bryidae;Hypnodendrales;Racopilaceae;1;Campylostelium;venezuelanum;;;Dozy & Molk;Campylostelium venezuelanum;6;;1;Am 4.;Venezuela;;;;;;;;;;;;;
Bryophyta;Bryopsida;Bryidae;Hypnodendrales;Racopilaceae;1;Racopilum;intermedium;;;Hampe;Racopilum intermedium;6;;0;Am 4.;Venezuela, Colombia, Ecuador, Peru y Bolivia;Venezuela, Perú, Bolivia, Ecuador, Colombia, Nicaragua. At elevations from 1695-3100 m (Venezuela: 3000-3100 m, Colombia: 1600-3000 m, Ecuador: 1650-2320 m, Peru: 1450-3000 m, Bolivia: 2000-2650 m). Venezuela to Peru, and possibly Bolivia.(Trópicos A);;;;;;;;;;;;
Bryophyta;Bryopsida;Bryidae;Hedwigiales;Rhacocarpaceae;1;Racopilum;tomentosum;;;(Hedw.) Brid.;Racopilum tomentosum;6;;0;Am 1, Am 2, Am 3, Am 4, Am 5, Am 6;;Venezuela,  Colombia,  Ecuador,  Bolivia,  Argentina,  Perú;;;Terrestre, Saxícola, Epífito;Suelo # Roca # Base de tronco;;;;;;;;En Pittier 1936 Rhacopilum tomentosum (Sw.) Brid.
Bryophyta;Bryopsida;Bryidae;Rhizogonales;Rhizogoniaceae;1;Rhacocarpus;purpurascens;;;(Brid.) Paris;Rhacocarpus purpurascens;6;;0;Am 2, Am 3, Am 4, Am 5, Am 6, Afr 2, Afr 3, Austr 1, Austr 2.;;Venezuela,  Ecuador, Colombia, Perú, Bolivia, Costa Rica;;;;;;;;;;;;En Churchill et al 2000, Griffin III 1999 y Moreno 1990 como de Rhacocarpus rivularis (Müll. Hal.) Paris
Bryophyta;Bryopsida;Bryidae;Rhizogonales;Rhizogoniaceae;1;Leptotheca;boliviana;;;Herzog;Leptotheca boliviana;6;;0;Am 2, Am 3, Am 4;;Venezuela,  Colombia,  Ecuador,  Bolivia,  Perú;;;;;;;;;;;;
Bryophyta;Bryopsida;Bryidae;Rhizogonales;Rhizogoniaceae;1;Pyrrhobryum;mnioides;;;(Hook.) Wilson;Pyrrhobryum mnioides;6;;0;Am 2, Am 4, Am 6, Austr 1, Austr 2.;;Colombia, Venezuela, Ecuador,  Bolivia. Venezuela  1500-3670 mts,;;;Terrestre;Suelo, Humus;;;;;;;;En Griffin III 1977c como Rhizogonium mnioides (Hook.) Wilson
Bryophyta;Bryopsida;Bryidae;Rhizogonales;Rhizogoniaceae;1;Pyrrhobryum;spiniforme;;;(Hedw.) Mitt.;Pyrrhobryum spiniforme;6;;0;Am 1, Am 2, Am 3, Am 4, Am 5, Am 6, Afr 2, Afr 3, Afr 4, As 2, As 3, As 4, Austr 1, Austr 2, Oc.;;Venezuela,  Colombia,  Ecuador,  Bolivia,  Perú;;;Epífito;Madera en descomposición;;;;;;;;En Pittier 1936 como Pyrrhobryum spiniforme (Hedw.) Mitt.
Bryophyta;Bryopsida;Bryidae;Rhizogonales;Rhizogoniaceae;1;Rhizogonium;lindigii;;;(Hampe) Mitt.;Rhizogonium lindigii;6;;0;;;;;;Terrestre, Saxícola;Suelo arenoso # Roca;;;;;;;;
Bryophyta;Bryopsida;Bryidae;Hypnales;Rigodiaceae;1;Rhizogonium;novae-hollandiae;;;(Brid.) Brid.;Rhizogonium novae-hollandiae;6;;0;Am 2, Am 4, Am 6, As 2, Austr 1, Austr 2.;;Venezuela,  Colombia,  Ecuador,  Bolivia,  Perú;;;Terrestre;Talud;;;;;;;;
Bryophyta;Bryopsida;Dicranidae;Grimmiales;Seligeraceae;1;Rigodium;toxarion;;;(Schwägr.) A. Jaeger;Rigodium toxarion;6;;0;Am 2, Am 3, Am 4, Am 5, Am 6, Afr 2, Afr 3, Afr 4.;;Costa Rica,  Colombia. Venezuela,  Perú,  Bolivia,  Ecuador. Venezuela 2750-3600 mts;;;;;;;;;;;;En Pittier 1936 como Rigodium solutum (Taylor) Paris
Bryophyta;Bryopsida;Bryidae;Hypnales;Sematophyllaceae;1;Blindia;magellanica;;;Schimp.;Blindia magellanica;6;;0;Am 4, Am 5, Am 6, Afr 4, As 4, Austr 1, Austr 2.;;Venezuela,  Colombia,  Ecuador,  Bolivia;;;;;;;;;;;;
Bryophyta;Bryopsida;Bryidae;Hypnales;Sematophyllaceae;1;Acroporium;esmeraldicum;;;(Müll. Hal.) W. R. Buck;Acroporium esmeraldicum;6;;0;Am 4.;Venezuela, Ecuador y Bolivia;"Venezuela, Bolivia,  Ecuador. Ecuador  High montane cloud forest and shrubby páramo and puna; epiphytic,  on trunks and branches of treelets and shrubs. Tropical Andes,  at elevations from 2930-3700 m Venezuela: 2930-3700 m,  Ecuador: ? m,  Bolivia: 3050-3440 m.";;;;;;;;;;;;
Bryophyta;Bryopsida;Bryidae;Hypnales;Sematophyllaceae;1;Acroporium;estrellae;;;(Müll. Hal) W.R. Buck & Schälp;Acroporium estrellae;6;;0;Am 2, Am 3, Am 4, Am 5.;;Venezuela,  Colombia,  Ecuador,  Bolivia,  Perú;;;;;;;;;;;;
Bryophyta;Bryopsida;Bryidae;Hypnales;Sematophyllaceae;1;Acroporium;pungens;;;(Hedw.) Broth.;Acroporium pungens;6;;0;Am 2, Am 3, Am 4, Am 5.;;Venezuela,  Colombia,  Ecuador,  Bolivia,  Perú;;;Epífito;Rama, Tronco;;;;;;;;En Pittier 1936 como Sematophyllum pungens (Hedw.) Mitt.
Bryophyta;Bryopsida;Bryidae;Hypnales;Sematophyllaceae;1;Aptychella;proligera;;;(Broth.) Herzog;Aptychella proligera;6;;0;Am 2, Am 3, Am 4, Am 5.;;Colombia, Ecuador , Venezuela,  Bolivia,  Perú. Ecuador  2940-3750 mts;;;Epífito;;;;;;;;;
Bryophyta;Bryopsida;Bryidae;Hypnales;Sematophyllaceae;1;Clastobryum;pungens;;;(Müll. Hal.) Tixier;Clastobryum pungens;6;;0;;;;;;;;;;;;;;;En Pittier 1936 como Schraderella pungens Müll. Hal.
Bryophyta;Bryopsida;Bryidae;Hypnales;Sematophyllaceae;1;Colobodontium;vulpinum;;;(Mont.) S. P. Churchill & W. R. Buck;Colobodontium vulpinum;6;;0;Am 4, Am 5.;;Brasil, Colombia, Ecuador, Perú, Surinam, Venezuela;;;;;;;;;;;;En Pursell 1973 como Potamium vulpinum (Mont.) Mitt.
Bryophyta;Bryopsida;Bryidae;Hypnales;Sematophyllaceae;1;Meiothecium;boryanum;;;(Müll. Hal.) Mitt.;Meiothecium boryanum;6;;0;Am 3, Am 4, Am 5;;;;;;;;;;;;;;
Bryophyta;Bryopsida;Bryidae;Hypnales;Sematophyllaceae;1;Meiothecium;revolubile;;;Mitt.;Meiothecium revolubile;6;;0;Am 4.;Venezuela y Colombia;;;;;;;;;;;;;
Bryophyta;Bryopsida;Bryidae;Hypnales;Sematophyllaceae;1;Pterogonidium;pulchellum;;;(Hook.) Müll. Hal.;Pterogonidium pulchellum;6;;0;Am 2, Am 3, Am 4, Am 5.;;Venezuela,  Colombia,  Ecuador,  Bolivia,  Perú;;;;;;;;;;;;En Pittier 1936 como Pterogonidium casiquiariense (Spruce ex Mitt.) Broth.
Bryophyta;Bryopsida;Bryidae;Hypnales;Sematophyllaceae;1;Rhaphidorrhynchium;amoenum;;;(Hedw.) M. Fleisch.;Rhaphidorrhynchium amoenum;6;;0;;;;;;;;;;;;;;;En Pittier 1936 como Sematophyllum amoenum (Hedw.) Mitt.
Bryophyta;Bryopsida;Bryidae;Hypnales;Sematophyllaceae;1;Rhaphidorrhynchium;decurvifolium;;;(Mitt.) Broth.;Rhaphidorrhynchium decurvifolium;6;;0;;;;;;;;;;;;;;;Como Sematophyllum decurvifolium Mitt. en Churchill & al 2000
Bryophyta;Bryopsida;Bryidae;Hypnales;Sematophyllaceae;1;Rhaphidorrhynchium;oblique-rostratum;;;(Mitt.) Broth.;Rhaphidorrhynchium oblique-rostratum;6;;0;;;;;;;;;;;;;;;
Bryophyta;Bryopsida;Bryidae;Hypnales;Sematophyllaceae;1;Rhaphidorrhynchium;sanguisetum;;;(Müll. Hal.) Broth.;Rhaphidorrhynchium sanguisetum;6;;1;Am 4.;Venezuela;Venezuela;;;;;;;;;;;;
Bryophyta;Bryopsida;Bryidae;Hypnales;Sematophyllaceae;1;Rhaphidorrhynchium;trichostegum;;;(Müll. Hal.) Broth.;Rhaphidorrhynchium trichostegum;6;;1;Am 4.;Venezuela;Venezuela;;;;;;;;;;;;
Bryophyta;Bryopsida;Bryidae;Hypnales;Sematophyllaceae;1;Rhaphidostichum;elegans;;;H. Rob.;Rhaphidostichum elegans;6;;1;Am 4.;Venezuela;Venezuela;;;;;Venezuela;VU;D2;León et al. 2013a;;;;
Bryophyta;Bryopsida;Bryidae;Hypnales;Sematophyllaceae;1;Sematophyllum;adnatum;;;(Michx) E. Britton;Sematophyllum adnatum;6;;0;Am 1, Am 2, Am 3, Am 4, Am 5;;;;;;;;;;;;;;En Pittier 1936 como Sematophyllum constrictum Mitt.
Bryophyta;Bryopsida;Bryidae;Hypnales;Sematophyllaceae;1;Sematophyllum;aureosulfureum;;;(Müll. Hal.) Broth.;Sematophyllum aureosulfureum;6;;0;Am 4.;Venezuela y Colombia;Colombia, Perú , Colombia. Infrequent, at elevations from 2650-3690 m (Venezuela: 3400 m, Colombia: 2650-3690 m).;;;;;;;;;;;;
Bryophyta;Bryopsida;Bryidae;Hypnales;Sematophyllaceae;1;Sematophyllum;chlorocormum;;;(Müll. Hal.) W. R. Buck, S. P. Churchill & I. Sastre;Sematophyllum chlorocormum;6;;0;Am 4.;Colombia, Bolivia y Venezuela.;Venezuela;Andes;;Saxícola;;;;;;;;;Sobre afloramientos rocosos al lado de una quebrada.
Bryophyta;Bryopsida;Bryidae;Hypnales;Sematophyllaceae;1;Sematophyllum;chrysostegum;;;(Müll. Hal.) Mitt.;Sematophyllum chrysostegum;6;;0;Am 4.;Venezuela, Colombia y Bolivia;Venezuela,  Colombia y Bolivia;;;;;;;;;;;;
Bryophyta;Bryopsida;Bryidae;Hypnales;Sematophyllaceae;1;Sematophyllum;cuspidiferum;;;Mitt.;Sematophyllum cuspidiferum;6;;0;Am 2, Am 3, Am 4.;;Venezuela,  Colombia,  Ecuador,  Bolivia;;;Saxícola;Roca;;;;;;;;
Bryophyta;Bryopsida;Bryidae;Hypnales;Sematophyllaceae;1;Sematophyllum;cyparissoides;;;(Hornsch.) R.S. Williams;Sematophyllum cyparissoides;6;;0;Am 4, Am 5.;;Venezuela,  Colombia;;;Epífito;Tronco;;;;;;;;En Moreno 1990 y Robinson 1967 como Rhaphidorrhynchium cyparissoides (Hornsch.) Broth. En tronco de la Selva Húmeda
Bryophyta;Bryopsida;Bryidae;Hypnales;Sematophyllaceae;1;Sematophyllum;decumbens;;;Mitt.;Sematophyllum decumbens;6;;0;Am 2, Am 4, Am 5.;;;;;;;;;;;;;;
Bryophyta;Bryopsida;Bryidae;Hypnales;Sematophyllaceae;1;Sematophyllum;erythropodium;;;Mitt.;Sematophyllum erythropodium;6;;0;Am 4.;;Colombia, Venezuela;;;;;;;;;;;;
Bryophyta;Bryopsida;Bryidae;Hypnales;Sematophyllaceae;1;Sematophyllum;flaccidifolium;;;(Müll. Hal.) Mitt.;Sematophyllum flaccidifolium;6;;0;Am 4, Am 5.;;;;;;;;;;;;;;
Bryophyta;Bryopsida;Bryidae;Hypnales;Sematophyllaceae;1;Sematophyllum;flavidum;;;Mitt.;Sematophyllum flavidum;6;;0;;;;;;;;Colombia;VU;D2;Linares & Uribe 2002;;;;
Bryophyta;Bryopsida;Bryidae;Hypnales;Sematopyllaceae;1;Sematophyllum;galipense;;;(Müll. Hal.) Mitt.;Sematophyllum galipense;6;;0;Am 2, Am 3, Am 4, Am 5.;;Belice, Bolivia, Brasil, República Dominicana, Jamaica, Guatemala, Nicaragua, Islas de Barlovento, Puerto Rico, Colombia, Ecuador, Honduras, México, Panamá, Paraguay, Perú, Surinam, Venezuela;;;Epífito, Saxícola;Tronco # Roca;;;;;;;;
Bryophyta;Bryopsida;Bryidae;Hypnales;Sematophyllaceae;1;Sematophyllum;lithophilum;;;(Hornsch.) Ångström;Sematophyllum lithophilum;6;;0;;;;;;Epífito;Tronco;;;;;;;;En Pittier 1936 como Sematophyllum loxense var. lithophilum (Hornsch.) Lindb.
Bryophyta;Bryopsida;Bryidae;Hypnales;Sematophyllaceae;1;Sematophyllum;lonchophyllum;;;(Mont.) J. Florsch.;Sematophyllum lonchophyllum;6;;0;Am 4, Am 5.;;Venezuela,  Colombia,  Bolivia;;;;;;;;;;;;En Churchill et al. 2000 y Tropicos como de Potamium lonchophyllum (Mont.) Mitt)
Bryophyta;Bryopsida;Bryidae;Hypnales;Sematophyllaceae;0;Sematophyllum;loxense;;;(Hook.) Mitt.;Sematophyllum loxense;6;;0;Am 2, Am 3, Am 4, Am 5;;Colombia Ecuador , Venezuela,  Bolivia. At elevations from 1170-3000 m Venezuela: ? m,  Colombia: 1170-2120 m,  Bolivia: 1200-3000 m. Tropical Andes.;;;;;;;;;;;;
Bryophyta;Bryopsida;Bryidae;Hypnales;Sematophyllaceae;1;Sematophyllum;pacimoniense;;;(Mitt.) J. Florsch.;Sematophyllum pacimoniense;6;;0;Am 4, Am 5.;;Brasil,  Colombia,  Surinam;;;;;;;;;;;;En Pittier 1936 como Potamium pacimoniense Spruce ex Mitt.
Bryophyta;Bryopsida;Bryidae;Hypnales;Sematophyllaceae;1;Sematophyllum;subpinnatum;;;(Brid.) Britt.;Sematophyllum subpinnatum;6;;0;Am 1, Am 2, Am 3, Am 4, Am 5, Afr 2, Afr 3.;;Neotrópico;;;Lignícola, Epífito;Madera en descomposición, Bejuco;;;;;;;;En Pittier 1936, Sematophyllum caespitosum Mitt. 
Bryophyta;Bryopsida;Bryidae;Hypnales;Sematophyllaceae;1;Sematophyllum;subscabrum;;;(Müll. Hal.) Mitt.;Sematophyllum subscabrum;6;;0;Am 4.;Venezuela, Colombia y Perú;Colombia y Costa Rica;;;;;;;;;;;;En Pittier 1936 como Rhaphidorrhynchium subscabrum (Müll. Hal.) Broth / Delgadillo et al. 1995 como Rhaphidorrhynchium subscabrum (Müll. Hal.) Broth.)
Bryophyta;Bryopsida;Bryidae;Hypnales;Sematophyllaceae;1;Sematophyllum;subsimplex;;;(Hedw.) Mitt.;Sematophyllum subsimplex;6;;0;Am 2, Am 3, Am 4, Am 5, Am 6;;Venezuela,  Colombia,  Ecuador,  Bolivia,  Perú;;;Lignícola, Saxícola;Madera en descomposición # Roca;;;;;;;;
Bryophyta;Bryopsida;Bryidae;Hypnales;Sematophyllaceae;1;Sematophyllum;swartzii;;;(Schwägr.) Welch & H.A. Crum;Sematophyllum swartzii;6;;0;Am 2, Am 3, Am 4.;;Venezuela,  Colombia,  Ecuador,  Bolivia,  Perú;;;;;;;;;;;;En Pittier 1936, como Sematophyllum obliquerostratum Mitt. 
Bryophyta;Bryopsida;Bryidae;Hypnales;Sematophyllaceae;1;Sematophyllum;tequendamense;;;(Hampe) Mitt.;Sematophyllum tequendamense;6;;0;Am 4.;Venezuela, Colombia y Perú;Colombia, Perú, Venezuela;;;;;;;;;;;;
Bryophyta;Bryopsida;Bryidae;Hypnales;Sematophyllaceae;1;Taxithelium;planum;;;(Brid.) Mitt.;Taxithelium planum;6;;0;Am 1, Am 2, Am 3, Am 4, Am 5, Afr 2.;;Venezuela,  Colombia,  Ecuador,  Bolivia,  Perú;;;Epífito, Saxícola, Lignícola;Base de árbol # Roca # Madera en descomposición;;;;;;;;
Bryophyta;Bryopsida;Bryidae;Hypnales;Sematophyllaceae;1;Trichosteleum;arrectum;;;(Mitt.) A. Jaeger;Trichosteleum arrectum;6;;0;Am 4, Am 5.;;Colombia, Brasil, Venezuela, Bolivia;;;;;;;;;;;;
Bryophyta;Bryopsida;Bryidae;Hypnales;Sematophyllaceae;1;Trichosteleum;bolivarense;;;H. Rob.;Trichosteleum bolivarense;6;;0;;;;;;Epífito;Rama, Arbol;Venezuela;VU;D2;León et al. 2013a;;;;
Bryophyta;Bryopsida;Bryidae;Hypnales;Sematophyllaceae;0;Trichosteleum;fluviale;;;(Mitt.) A. Jaeger;Trichosteleum fluviale;6;;0;Am 2, Am 4.;;Venezuela,  Colombia,  Bolivia,  Perú;;;Epífito;Base de tronco, Arbol;;;;;;;;
Bryophyta;Bryopsida;Bryidae;Hypnales;Sematophyllaceae;1;Trichosteleum;glaziovii;;;(Hampe) W.R. Buck;Trichosteleum glaziovii;6;;0;;;;;;Lignícola;Madera en descomposición;;;;;;;;En Pittier 1936, Sematophyllum glaziovii (Hampe) O. Yano. En troncos podridos de la Selva Nublada
Bryophyta;Bryopsida;Bryidae;Hypnales;Sematophyllaceae;1;Trichosteleum;inundatum;;;(Mitt.) A. Jaeger;Trichosteleum inundatum;6;;0;Am 4, Am 5.;;Brasil, Venezuela;;;;;;;;;;;;
Bryophyta;Bryopsida;Bryidae;Hypnales;Sematophyllaceae;1;Trichosteleum;papillosissimum;;;(Hampe) Broth.;Trichosteleum papillosissimum;6;;0;;;;;;;;;;;;;;;
Bryophyta;Bryopsida;Bryidae;Hypnales;Sematophyllaceae;1;Trichosteleum;papillosum;;;(Hornsch.) A. Jaeger;Trichosteleum papillosum;6;;0;Am 4, Am 5, Afr 2.;;Bolivia, Brasil, Colombia, Ecuador, Guayana Francesa, Guyana, Perú, Surinam, Venezuela;;;;;;;;;;;;
Bryophyta;Bryopsida;Bryidae;Hypnales;Sematophyllaceae;1;Trichosteleum;schlimii;;;(Müll. Hal.) R. S. Williams;Trichosteleum schlimii;6;;0;Am 4, Am 5.;;Colombia;;;Lignícola;Madera en descomposición;;;;;;;;En Pittier 1936, como Sematophyllum schlimii (Müll. Hal.) Mitt.
Bryophyta;Bryopsida;Bryidae;Hypnales;Sematophyllaceae;1;Trichosteleum;sentosum;;;(Sull.) A. Jaeger;Trichosteleum sentosum;6;;0;Am 3, Am 4, Am 5.;;Belice,  Brasil,  Puerto Rico, Colombia,  Colombia,  Trinidad y Tobago,  Honduras,  Panamá,  Jamaica,  Nicaragua;;;;;;;;;;;;En bosque enano enmarañado y musgoso
Bryophyta;Bryopsida;Bryidae;Hypnales;Sematophyllaceae;1;Trichosteleum;vincentinum;;;(Mitt.) A. Jaeger;Trichosteleum vincentinum;6;;0;Am 3, Am 4.;;;;;Lignícola;Madera en descomposición;;;;;;;;
 Bryophyta;Bryopsida;Bryidae;Hypnales;Sematophyllaceae;1;Wijkia;alstonii;;;(E.B. Bartram) Ireland;Wijkia alstonii;6;;1;Am 4.;Venezuela;;;;;;Venezuela;CR;A2c B2b iii;León et al. 2013a;;;;
 Bryophyta;Bryopsida;Bryidae;Hypnales;Sematophyllaceae;1;Sphagnum;alegrense;;;Warnst.;Sphagnum alegrense;6;;0;Am 4, Am 5.;;Guadalupe, Dominica, Brasil y Venezuela;;;;;;;;;;;;En tropicos.org reportada para Austria, Canadá, China, Colombia, Checoslovakia, Finlandia, Alemania, Groenlandia, España, Estados Unidos.
Bryophyta;Sphagnopsida;;Sphagnales;Sphagnaceae;1;Sphagnum;capillifolium;;;(Ehrh.) Hedw.;Sphagnum capillifolium;6;;0;;;Austria, Brasil, Canadá, Chile, Costa Rica, China, Colombia, Ecuador, Alemania, Suecia, Estados Unidos, Venezuela.;;;Terrestre;Suelo;;;;;;;;En Griffin III 1977c como Sphagnum capillaceum (F.W. Weiss) Schrank 
Bryophyta;Sphagnopsida;;Sphagnales;Sphagnaceae;1;Sphagnum;capillifolium;var. tenellum;;(Schimp) H. A. Crum;Sphagnum capillifolium var. tenellum;8;;0;;;Canadá,  China,  Checoslovaquia,  Alemania,  Irlanda,  Estados Unidos,  Groenlandia,  Mongolia;;;;;;;;;!Sphagnum capillifolium var. tenellum (Schimp) H. A. Crum Nombre aceptado por Crum 1995 Contri. Univ. Mich. Herb. 11(2): 90.;Ussher M. S. (MERC) ;2012-12-06;
Bryophyta;Sphagnopsida;;Sphagnales;Sphagnaceae;1;Sphagnum;capillifolium;var. tenerum;;(Sull. & Lesq. ex Sull.) H. A. Crum;Sphagnum capillifolium var. tenerum;8;;0;;;;;;;;;;;;!Sphagnum capillifolium var. tenerum (Sull. & Lesq. ex Sull.) H. A. Crum Nombre aceptado por Crum 1995 Contri. Univ. Mich. Herb. 11(2): 90.;Ussher M. S. (MERC) ;2012-12-06;En Pittier 1936 como Sphagnum capillaceum var. tenellum Andrews (Schimp.) AL
Bryophyta;Sphagnopsida;;Sphagnales;Sphagnaceae;1;Sphagnum;cuspidatum;;;Ehrh ex Hoff;Sphagnum cuspidatum;6;;0;Am 1, Am 4, Am 5, Am 6, Afr 1, As 2, As 3, As 4, Austr 1, Austr 2, Eur, Oc.;;;;;;;;;;;;;;
Bryophyta;Sphagnopsida;;Sphagnales;Sphagnaceae;1;Sphagnum;compactum;;;Lam. & DC.;Sphagnum compactum;6;;0;Am 1, Am 4, Afr 1, As 1, Austr 1, Eur.;;;;;;;;;;;;;;
Bryophyta;Sphagnopsida;;Sphagnales;Sphagnaceae;1;Sphagnum;falcatulum;;;Besch.;Sphagnum falcatulum;6;;0;;;;;;;;;;;;;;;
Bryophyta;Sphagnopsida;;Sphagnales;Sphagnaceae;1;Sphagnum;fraudulentum;;;H.A. Crum;Sphagnum fraudulentum;6;;1;Am 4.;Venezuela;;;;;;Venezuela;VU;D2;Ussher & León 2013;;;;
Bryophyta;Sphagnopsida;;Sphagnales;Sphagnaceae;1;Sphagnum;funkiae;;;H. A. Crum;Sphagnum funkiae;6;;1;Am 4.;Venezuela;Venezuela;;;;;Venezuela;VU;D2;Ussher & León 2013;;;;
Bryophyta;Sphagnopsida;;Sphagnales;Sphagnaceae;1;Sphagnum;gracilescens;;;Hampe ex Müll. Hal.;Sphagnum gracilescens;6;;0;;;Brasil;;;;;;;;;;;;
Bryophyta;Sphagnopsida;;Sphagnales;Sphagnaceae;0;Sphagnum;hertelianum;;;H.A. Crum;Sphagnum hertelianum;6;;1;Am 4.;Venezuela;Venezuela. Endemic to the Guayana Highlands Venezuela.;;;;;;;;;;;;
Bryophyta;Sphagnopsida;;Sphagnales;Sphagnaceae;1;Sphagnum;juliforme;;;H. A. Crum;Sphagnum juliforme;6;;1;Am 4.;Venezuela;Venezuela;;;;;Venezuela;VU;D2;Ussher & León 2013;;;;
Bryophyta;Sphagnopsida;;Sphagnales;Sphagnaceae;1;Sphagnum;liesneri;;;H.A. Crum;Sphagnum liesneri;6;;1;Am 4.;Venezuela;;;;;;Venezuela;VU;D2;Ussher & León 2013;;;;
Bryophyta;Sphagnopsida;;Sphagnales;Sphagnaceae;1;Sphagnum;limbatum;;;Mitt.;Sphagnum limbatum;6;;0;Am 3, Am 4.;;Bolivia,  Colombia,  Costa Rica,  Ecuador,  Guatemala,  México;;;;;;;;;;;;
Bryophyta;Sphagnopsida;;Sphagnales;Sphagnaceae;1;Sphagnum;maegdefraui;;;H. Suzuki;Sphagnum maegdefraui;6;;1;Am 4.;Venezuela;Venezuela;;;;;;;;;;;;
Bryophyta;Sphagnopsida;;Sphagnales;Sphagnaceae;1;Sphagnum;magellanicum;;;Brid.;Sphagnum magellanicum;6;;0;Am 1, Am 2, Am 4, Am 5, Am 6, Afr 4, As 1, As 2, As 3, As 4, Eur.;;Argentina, Bolivia, Brasil, Canadá, República Dominicana, Chile, China, Colombia, Costa Rica, Checoslovaquia, Ecuador, Finlandia, Francia, Fallando Isla, Alemania, Gran Bretaña, Guyana, Honduras, Nicaragua, Islandia, Panamá, Perú, Sur África, Surinam, Suecia, Estados Unidos, Venezuela;;;;;;;;;;;;
Bryophyta;Sphagnopsida;;Sphagnales;Sphagnaceae;1;Sphagnum;meridense;;;(Hampe) Müll. Hal.;Sphagnum meridense;6;;0;Am 1, Am 2, Am 3, Am 4, Am 5;;;;;;;;;;;;;;En Pittier 1936 como Sphagnum coryphaeum Warnst. Y Sphagnum flavicaule Warnst.
Bryophyta;Sphagnopsida;;Sphagnales;Sphagnaceae;0;Sphagnum;negrense;;;Mitt.;Sphagnum negrense;6;;0;Am 4, Am 5.;Venezuela;Venezuela,  Guyana,  Brasil;;;;;;;;;;;;
Bryophyta;Sphagnopsida;;Sphagnales;Sphagnaceae;1;Sphagnum;ornatum;;;Crum;Sphagnum ornatum;6;;0;Am 4, Am 5.;;Venezuela,  Brasil;;;;;;;;;;;;En Churchill et al. 2000 Sale como auct. non L., excluded, Those reports are probable incorrect.
Bryophyta;Sphagnopsida;;Sphagnales;Sphagnaceae;1;Sphagnum;oxyphyllum;;;Warnst.;Sphagnum oxyphyllum;6;;0;Am 4, Am 5.;;Venezuela;;;;;;;;;;;;
Bryophyta;Sphagnopsida;;Sphagnales;Sphagnaceae;1;Sphagnum;palustre;;;L.;Sphagnum palustre;6;;0;;;Brasil, Canadá, Islas de Barlovento, Trinidad y Tobago, China, Córcega, Checoslovaquia, Ecuador, Francia, Alemania, Guyana, Islandia, Islandia, Japón, México, Países Bajos, Noruega, Suecia, Taiwán, Estados Unidos, Venezuela;;;;;;;;;;;;
Bryophyta;Sphagnopsida;;Sphagnales;Sphagnaceae;1;Sphagnum;perichaetiale;;;Hampe;Sphagnum perichaetiale;6;;0;Am 1, Am 2, Am 3, Am 4, Am 5;;Bolivia, Brasil, Cuba, República Dominicana, Islas de Barlovento, Jamaica, china, Colombia, Ecuador, Panamá, Paraguay, Surinam, Tailandia, Estados Unidos, Venezuela;;;;;;;;;;;;En Pursell 1973 como Sphagnum erythrocalyx Hampe
Bryophyta;Sphagnopsida;;Sphagnales;Sphagnaceae;1;Sphagnum;portoricense;;;Hampe;Sphagnum portoricense;6;;0;Am 1, Am 2, Am 3, Am 4, Am 6, As 1.;;Venezuela,  Puerto Rico, Colombia,  Colombia,  Guadalupe, Perú,  Nicaragua,  Estados Unidos;;;;;;;;;;;;
Bryophyta;Sphagnopsida;;Sphagnales;Sphagnaceae;1;Sphagnum;pulvinatum;;;H. A. Crum;Sphagnum pulvinatum;6;;0;Am 4, Am 5.;;Brasil, Venezuela;;;;;;;;;;;;
Bryophyta;Sphagnopsida;;Sphagnales;Sphagnaceae;1;Sphagnum;pylaesii;;;Brid.;Sphagnum pylaesii;6;;0;Am 1, Am 4, Eur.;;Colombia,  Ecuador,  Perú,  Bolivia. At elevations from 3870-4400 m Colombia: ? m,  Ecuador: 3870 m,  Perú: 3900-4400 m,  Bolivia: ? m. Eastern North América,  western Euro, Perú,  Colombia and Perú.;;;;;;;;;;;;
Bryophyta;Sphagnopsida;;Sphagnales;Sphagnaceae;1;Sphagnum;reclinatum;;;H.A. Crum;Sphagnum reclinatum;6;;1;Am 4.;Venezuela;Venezuela;;;;;Venezuela;VU;D2;Ussher & León 2013;;;;
Bryophyta;Sphagnopsida;;Sphagnales;Sphagnaceae;1;Sphagnum;recurvum;;;P. Beauv.;Sphagnum recurvum;6;;0;;;Estados Unidos,  América del Sur,  Europa,  Asia;;;;;;;;;;;;
Bryophyta;Sphagnopsida;;Sphagnales;Sphagnaceae;1;Sphagnum;recurvum;;;var. recurvum;Sphagnum recurvum;6;;0;Am 1, Am 4, Am 5, As 1, As 2, Austr 2, Eur.;;Europa, China,  Estados Unidos;;;;;;;;;;;;
Bryophyta;Sphagnopsida;;Sphagnales;Sphagnaceae;1;Sphagnum;sancto-josephense;;;H.A. Crum & Crosby;Sphagnum sancto-josephense;6;;0;Am 2, Am 4.;;;;;Saxícola, Terrestre;Roca # Suelo;;;;;;;;
Bryophyta;Sphagnopsida;;Sphagnales;Sphagnaceae;1;Sphagnum;sanguinale;;;Warnst.;Sphagnum sanguinale;6;;0;Am 4, Am 5.;;;;;;;;;;;;;;
Bryophyta;Sphagnopsida;;Sphagnales;Sphagnaceae;1;Sphagnum;simplicicaulis;;;H.A. Crum;Sphagnum simplicicaulis;6;;1;Am 4.;Venezuela;Venezuela;;;;;Venezuela;VU;D2;Ussher & León 2013;;;;
Bryophyta;Sphagnopsida;;Sphagnales;Sphagnaceae;1;Sphagnum;sipmanii;;;H.A. Crum;Sphagnum sipmanii;6;;1;Am 4.;Venezuela;Venezuela;;;;;Venezuela;VU;D2;Ussher & León 2013;;;;
Bryophyta;Sphagnopsida;;Sphagnales;Sphagnaceae;1;Sphagnum;sparsum;;;Hampe;Sphagnum sparsum;6;;0;Am 4, Am 5.;;;;;;;;;;;;;;
Bryophyta;Sphagnopsida;;Sphagnales;Sphagnaceae;1;Sphagnum;strictum;;;Sull.;Sphagnum strictum;6;;0;Am 1, Am 2, Am 3, Am 4, Eur.;;;;;;;;;;;;;;
Bryophyta;Sphagnopsida;;Sphagnales;Sphagnaceae;1;Sphagnum;subsecundum;;;Müll. Hal.;Sphagnum subsecundum;6;;0;Am 1, Am 4, Afr 1, As 2, Eur.;;;;;;;;;;;;;;
Bryophyta;Sphagnopsida;;Sphagnales;Sphagnaceae;1;Sphagnum;tenerum;;;Sull. & Lesq. Ex Sull.;Sphagnum tenerum;6;;0;Am 1, Am 4, Am 5, As 2, Eur.;;;;;;;;;;;;;;
Bryophyta;Sphagnopsida;;Sphagnales;Sphagnaceae;1;Brachymitrion;jamesonii;;;Taylor;Brachymitrion jamesonii;6;;0;Am 4.;Venezuela, Colombia, Ecuador, Peru y Bolivia;;;;Terrestre;Suelo;;;;;;;;En Griffin 1975 como Tayloria jamesonii (Taylor) Müll. Hal. 
Bryophyta;Bryopsida;Bryidae;Splachnales;Splachnaceae;1;Brachymitrion;moritzianum;;;(Müll. Hal.) A.K. Kop.;Brachymitrion moritzianum;6;;0;Am 4;Venezuela, Colombia, Ecuador y Bolivia;;;;;;;;;;;;;
Bryophyta;Bryopsida;Bryidae;Splachnales;Splachnaceae;1;Splachnum;pensylvanicum;;;(Brid.) Grout ex H. A. Crum;Splachnum pensylvanicum;6;;0;Am 1, 4, Eur;;;;;;;;;;;;;;
Bryophyta;Bryopsida;Bryidae;Splachnales;Splachnaceae;0;Splachnum;turbinatum;;;Brid.;Splachnum turbinatum;6;;0;;;;;;Terrestre;Humus, Suelo;;;;;;;;
Bryophyta;Bryopsida;Bryidae;Splachnales;Splachnaceae;1;Splachnum;weberbaueri;;;Reimers;Splachnum weberbaueri;6;;0;Am 2, Am 4.;;;;;;;;;;;;;;
Bryophyta;Bryopsida;Bryidae;Splachnales;Splachnaceae;1;Tayloria;rubicaulis;;;A. K. Kop.;Tayloria rubicaulis;6;;0;Am 4.;Venezuela y Colombia;Venezuela and Colombia. At elevations from 4260-4315 m (Venezuela: 4315 m, Colombia: 4260 m). Venezuela and Colombia. (Trópicos A);;;;;;;;;;;;
Bryophyta;Bryopsida;Bryidae;Splachnales;Splachnaceae;1;Tayloria;scabriseta;;;(Hook.) Mitt.;Tayloria scabriseta;6;;0;Am 2, Am 5.;;;;;Terrestre;Humus;;;;;;;;
Bryophyta;Bryopsida;Bryidae;Splachnales;Splachnaceae;1;Tetraplodon;mnioides;;;(Hedw.) Bruch & Schimp.;Tetraplodon mnioides;6;;0;Am 2, Am 5.;;;;;;;;;;;;;;
Bryophyta;Bryopsida;Bryidae;Splachnales;Splachnaceae;1;Splachnobryum;obtusum;;;(Brid.) Müll. Hal.;Splachnobryum obtusum;6;;0;Am 2, Am 3, Am 4.;;;;;;;;;;;;;;
Bryophyta;Bryopsida;Bryidae;Hypnales;Stereophyllaceae;1;Entodontopsis;leucostega;;;(Brid.) W.R. Buck & Ireland;Entodontopsis leucostega;6;;0;Am 1, Am 2, Am 3, Am 4, Am 5, Am 6, Afr 2, As 3.;;México a Bolivia,  Brasil y Argentina,  África,  India;;;Epífito, Saxícola;Base de tronco # Roca;;;;;;;;En Pittier como Stereophyllum leucostegum (Brid.) Mitt.
Bryophyta;Bryopsida;Bryidae;Hypnales;Stereophyllaceae;1;Entodontopsis;nitens;;;(Mitt.) W.R. Buck & R.R. Ireland;Entodontopsis nitens;6;;0;Am 2, Am 4, Am 5, Afr 2, As 2, As 3.;;México, Colombia, Subtropical, América del Sur,  Indias Occidentales,  Estados Unidos, África,  India,  Australia, China;;;;;;;;;;;;
Bryophyta;Bryopsida;Bryidae;Hypnales;Stereophyllaceae;1;Entodontopsis;panamensis;;;(Bartram) W. R. Buck et Ireland;Entodontopsis panamensis;6;;0;Am 2, Am 4, Am 5.;;Panamá, México, Colombia, Venezuela;;;;;;;;;;;;
Bryophyta;Bryopsida;Bryidae;Hypnales;Stereophyllaceae;1;Entodontopsis;papillifera;;;(Mitt.) W.R. Buck & Ireland;Entodontopsis papillifera;6;;0;;;;;;Epífito;;;;;;;;;
Bryophyta;Bryopsida;Bryidae;Hypnales;Stereophyllaceae;1;Eulacophyllum;cultelliforme;;;(Sullivant) Buck & Ireland;Eulacophyllum cultelliforme;6;;0;Am 2, Am 3, Am 4.;;;;;;;;;;;;;;
Bryophyta;Bryopsida;Bryidae;Hypnales;Stereophyllaceae;1;Pilosium;chlorophyllum;;;(Hornsch.) C. Müller;Pilosium chlorophyllum;6;;0;;;;;;;;;;;;;;;
Bryophyta;Bryopsida;Bryidae;Hypnales;Stereophyllaceae;0;Pilosium;flaccisetum;;;Müll. Hal.;Pilosium flaccisetum;6;;0;;;;;;;;;;;;;;;Buscar Muller, C. 1897. Musci Venezuelenses novi a Prof. C. Goebel collecti. Flora 83: 327341.
Bryophyta;Bryopsida;Bryidae;Hypnales;Stereophyllaceae;1;Stereophyllum;radiculosum;;;(Hook.) Mitten;Stereophyllum radiculosum;6;;0;Am 1, Am 2, Am 3, Am 4, Am 5;;México, Colombia, Subtropical, América del Sur,  Indias Occidentales,  Estados Unidos,  África,  India,  Australia;;;;;;;;;;;;
Bryophyta;Bryopsida;Bryidae;Hypnales;Symphyodontaceae;1;Symphyodon;imbricatifolius;;;(Mitt.) S. P. Churchill;Symphyodon imbricatifolius;6;;0;Am 2, Am 4, Am 5.;;;;;Saxícola;Roca;;;;;Symphyodon imbricatifolius (Mitt.) S. P. Churchill  Nombre aceptado por He, S. & J. A. Snider. 2000 Bryol 103: 67.  ;Ussher M. S. (MERC) ;2011-10-21;En Griffin 1975 como Taxiphyllum machrisianum H.A. Crum
Bryophyta;Bryopsida;Bryidae;Hypnales;Thamnobryaceae;1;Homalia;glabella;;;(Hedw.) Schimp.;Homalia glabella;6;;0;Am 2, Am 3, Am 4, Am 5.;;;;;;;;;;;;;;
Bryophyta;Bryopsida;Bryidae;Hypnales;Thamnobryaceae;1;Homaliodendron;flabellatum;;;(Sm.) M. Fleisch.;Homaliodendron flabellatum;6;;0;;;;;;;;;;;;;;;En Pittier 1936 como Porothamnium decompositum (Brid.) M. Fleisch. 
Bryophyta;Bryopsida;Bryidae;Hypnales;Thamnobryaceae;1;Homaliodendron;piniforme;;;(Brid.) Enroth;Homaliodendron piniforme;6;;0;;;;;;;;;;;;;;;En Morales & García 2006 como Pinnatella piniformis (Brid.) M. Fleisch. 
Bryophyta;Bryopsida;Bryidae;Hypnales;Thamnobryaceae;1;Porotrichum;expansum;;;(Taylor) Mitt.;Porotrichum expansum;6;;0;;;;;;Saxícola;Roca;;;;;;;;En Griffin 1975 como Porothamnium expansum (Taylor) M. Fleisch. 
Bryophyta;Bryopsida;Bryidae;Hypnales;Thamnobryaceae;1;Porotrichum;brevifolium;;;E.B. Bartram;Porotrichum brevifolium;6;;0;;;;;;;;;;;;;;;
Bryophyta;Bryopsida;Bryidae;Hypnales;Thamnobryaceae;1;Porotrichum;expansum;;;(Taylor) Mitt.;Porotrichum expansum;6;;0;;;;;;;;;;;;;;;
Bryophyta;Bryopsida;Bryidae;Hypnales;Thamnobryaceae;1;Porotrichum;filiferum;;;Mitt.;Porotrichum filiferum;6;;0;Am 4, Am 5.;;Venezuela,  Ecuador,  Perú ,  Colombia,  Bolivia, Brasil. At elevations from 450-3200 m Venezuela: 1400-1900 m,  Colombia: 1800-2100 m,  Ecuador: 450-1600 m,  Perú: 500-3200 m,  Bolivia: 850-2000 m. Tropical Andes and southeast Brasil.;;;;;;;;;;;;En Pittier 1936 como Porothamnium filiferum (Mitt.) M. Fleisch.
Bryophyta;Bryopsida;Bryidae;Hypnales;Thamnobryaceae;1;Porotrichum;korthalsianum;;;(Dozy & Molk.) Mitt.;Porotrichum korthalsianum;6;;0;Am 2, Am 3, Am 4.;;;;;Epífito;;;;;;;;;En Griffin 1975 como Porotrichum cobanense  C. Müll
Bryophyta;Bryopsida;Bryidae;Hypnales;Thamnobryaceae;1;Porotrichum;lancifrons;;;(Hampe) Mitt.;Porotrichum lancifrons;6;;0;Am 2, Am 3, Am 4, Am 5;;;;;;;;;;;;;;
Bryophyta;Bryopsida;Bryidae;Hypnales;Thamnobryaceae;1;Porotrichum;longirostre;;;(Hook.) Mitt.;Porotrichum longirostre;6;;0;Am 2, Am 4, Am 5.;;;;;Epífito, Saxícola;Tronco, Bejuco # Roca;;;;;;;;
Bryophyta;Bryopsida;Bryidae;Hypnales;Thamnobryaceae;1;Porotrichum;mutabile;;;Hampe;Porotrichum mutabile;6;;0;Am 2, Am 3, Am 4.;;Venezuela,  Colombia,  Bolivia,  Ecuador;;;Epífito;Tronco, Arbol;;;;;;;;En Griffin 1975 como Porotrichum insularum Mitt. 
Bryophyta;Bryopsida;Bryidae;Hypnales;Thamnobryaceae;1;Porotrichum;substriatum;;;(Hampe) Mitt.;Porotrichum substriatum;6;;0;Am 2, Am 3, Am 4, Am 5, Afr;;;;;;;;;;;;;;
Bryophyta;Bryopsida;Bryidae;Hypnales;Thamnobryaceae;1;Porotrichodendron;lindigii;;;(Hampe) W. R. Buck;Porotrichodendron lindigii;6;;0;Am 2,  Am 3, Am 4.;;;;;;;;;;;;;;
Bryophyta;Bryopsida;Bryidae;Hypnales;Thamnobryaceae;1;Porotrichodendron;robustum;;;Broth.;Porotrichodendron robustum;6;;0;Am 4.;Venezuela, Colombia, Ecuador y Bolivia;;;;Epífito;;;;;;;;;
Bryophyta;Bryopsida;Bryidae;Hypnales;Thamnobryaceae;1;Porotrichodendron;superbum;;;(Taylor) Broth.;Porotrichodendron superbum;6;;0;Am 2, Am 4.;;;;;Epífito;Rama;;;;;;;;En Pittier como Porotrichum superbum (Taylor) Hampe
Bryophyta;Bryopsida;Bryidae;Hypnales;Thamnobryaceae;1;Porotrichodendron;substolonaceum;;;(Besch.) Broth.;Porotrichodendron substolonaceum;6;;0;;;;;;;;;;;;;;;
Bryophyta;Bryopsida;Bryidae;Hypnales;Thamnobryaceae;1;Thamnobryum;fasciculatum;;;(Hedw.) I. Sastre;Thamnobryum fasciculatum;6;;0;Am 2, Am 3, Am 4, Am 5;;;;;Saxícola;Roca;;;;;;;;En Pittier 1936 como Porotrichum fasciculatum (Sw. ex Hedw.) Mitt.
Bryophyta;Bryopsida;Bryidae;Hypnales;Thamnobryaceae;1;Thamnobryum;liesneri;;;B. H. Allen & S. P. Churchill;Thamnobryum liesneri;6;;1;;;Venezuela;;;Saxícola;Roca;;;;;;;;Sobre rocas cerca de una quebrada
Bryophyta;Bryopsida;Bryidae;Hypnales;Thamnobryaceae;1;Thamnobryum;subserratum;;;(Hook.) Nog. & Z. Iwats;Thamnobryum subserratum;6;;0;;;;;;;;;;;;;;;
Bryophyta;Bryopsida;Bryidae;Hypnales;Thamnobryaceae;1;Thamnobryum;subseriatum;;;(Mitt. ex Sande Lac.) B.C. Tan;Thamnobryum subseriatum;6;;0;;;;;;;;;;;;;;;
Bryophyta;Bryopsida;Bryidae;Hypnales;Thuidiaceae;1;Cyrto-hypnum;frontinoae;;;(Müll Hall.) S. P. Churchill & E. Linares C.;Cyrto-hypnum frontinoae;6;;0;Am 4.;Venezuela y Colombia;Venezuela  Colombia,  Brasil. At 2460 m elevation (Venezuela: ? m, Colombia: 2460 m). Venezuela and Colombia, possibly Brasil. (Trópicos A);;;;;Venezuela;EN;A3c;León & Ussher 2013;;;;En Pittier 1936 como Thuidium frontinoae (Müll. Hal.) A. Jaege
Bryophyta;Bryopsida;Bryidae;Hypnales;Thuidiaceae;1;Pelekium;ciliatum;;;(Mitt.) Touw;Pelekium ciliatum;6;;0;Am 4.;Venezuela, Colombia, Perú y Bolivia;Venezuela, Bolivia. At elevations from 550-1050 m (Venezuela: ? m, Colombia: ?m, Peru: 550-600 m, Bolivia: 1050 m). Venezuela to Bolivia. (Trópicos A);;;;;;;;;;;;
Bryophyta;Bryopsida;Bryidae;Hypnales;Thuidiaceae;1;Pelekium;gratum;;;(P. Beauv.) Touw;Pelekium gratum;6;;0;;;;;;;;;;;;;;;
Bryophyta;Bryopsida;Bryidae;Hypnales;Thuidiaceae;1;Pelekium;involvens;;;(Hedw.) Touw;Pelekium involvens;6;;0;Am 1, Am 2, Am 3, Am 4, Am 5, Afr 2.;;;;;;;;;;;Pelekium involvens (Hedw.) Touw nombre aceptado por Town 2001 J. Hattori Bot. Lab  90:203 ; León, Y. (MERC);2011-10-19;
Bryophyta;Bryopsida;Bryidae;Hypnales;Thuidiaceae;1;Pelekium;minutulum;;;(Hedw.) Touw;Pelekium minutulum;6;;0;;;Venezuela,  Colombia,  Perú,  Bolivia;;;Saxícola;Roca;;;;;;;;En Pittier 1936 como Thuidium pauperum (Müll. Hal.) Mitt. Pelekium minutulum (Hedw.) Touw  nombre aceptado por Town 2001 J. Hattori Bot. Lab  90:204 revisado por Ussher, M.S. 19/10/2011
Bryophyta;Bryopsida;Bryidae;Hypnales;Thuidiaceae;1;Pelekium;muricatulum;;;(Hampe) Touw;Pelekium muricatulum;6;;0;Am 4.;Venezuela y Bolivia;;;;;;;;;;;;;En Pittier 1936 como Thuidium muricatulum (Hampe.) Jaeg. y como Thuidium pusillum Mitt.  Según Churchill et al. 2000 no está en los Andes tropicales
Bryophyta;Bryopsida;Bryidae;Hypnales;Thuidiaceae;1;Pelekium;scabrosulum;;;(Mitt.) Touw;Pelekium scabrosulum;6;;0;;;Venezuela,  Perú,  Bolivia;;;;;;;;;;;;
Bryophyta;Bryopsida;Bryidae;Hypnales;Thuidiaceae;1;Pelekium;schistocalyx;;;(Müll. Hal.) Touw;Pelekium schistocalyx;6;;0;Am 1, Am 2, Am 3, Am 5;;. Buscar Touw,  A. 2001.;;;;;;;;;;;;
Bryophyta;Bryopsida;Bryidae;Hypnales;Thuidiaceae;1;Pelekium;siphotheca;;;(Müll. Hal.) Touw;Pelekium siphotheca;6;;0;Am 2, Am 4.;;Cota Rica,  México, Panamá;;;;;;;;;;;;En Pittier 1936 como Thuidium siphotheca (Müll. Hal.) A. Jaeger. En Tropicos Andes como Thuidium siphoteca Venezuela: ? m. Status unknown. (Trópicos A) 
Bryophyta;Bryopsida;Bryidae;Hypnales;Thuidiaceae;1;Rauiella;lagoensis;;;(Hampe) W.R. Buck;Rauiella lagoensis;6;;0;Am 2, Am 4, Am 5.;;;;;Saxícola;Roca;;;;;;;;
Bryophyta;Bryopsida;Bryidae;Hypnales;Thuidiaceae;1;Rauiella;praelonga;;;(Schimp. ex Besch.) Wijk et Margad.;Rauiella praelonga;6;;0;Am 2, Am 4.;;;;;Saxícola;Roca;;;;;;;;En Pittier 1936 como Rauia firmula (Müll. Hal.) Broth 
Bryophyta;Bryopsida;Bryidae;Hypnales;Thuidiaceae;1;Thuidium;assimile;;;(Mitt.) A. Jaeger;Thuidium assimile;6;;0;Am 1, Am 2, Am 4, Am 5, As 1, As 2, As 3, Eur.;;;;;;;;;;;;;;
Bryophyta;Bryopsida;Bryidae;Hypnales;Thuidiaceae;1;Thuidium;cymbifolium;;;(Dozy & Molk) Dozy & Molk;Thuidium cymbifolium;6;;0;;;China,  Hawái,  India,  Japón,  Papúa  Nueva Guinea,  Filipinas,  Sur Corea,  Taiwán ,  Tailandia,  Vietnam;;;;;;;;;;;;
Bryophyta;Bryopsida;Bryidae;Hypnales;Thuidiaceae;1;Thuidium;delicatulum;;;(Hedw.) Schimp.;Thuidium delicatulum;6;;0;Am 1, Am 2, Am 3, Am 4, Am 5, As 1, As 2, As  5, Eur, Oc.;;;;;;;;;;;;;;
Bryophyta;Bryopsida;Bryidae;Hypnales;Thuidiaceae;1;Thuidium;peruvianum;;;Mitt.;Thuidium peruvianum;6;;0;Am 4, Am 5, Am 6.;;;;;Terrestre, Saxícola;Suelo, Humus # Roca;;;;;;;;
Bryophyta;Bryopsida;Bryidae;Hypnales;Thuidiaceae;1;Thuidium;pseudoprotensum;;;(Müll. Hal.) Mitt.;Thuidium pseudoprotensum;6;;0;Am 4.;;;;;;;;;;;;;;
Bryophyta;Bryopsida;Bryidae;Hypnales;Thuidiaceae;1;Thuidium;recognitum;;;(Hedw.) Lindb.;Thuidium recognitum;6;;0;Am 1, Am 2, Am 3, Am 4, Am 5, Afr 1, As 1, As 2, As 3, Eur, Oc.;;;;;;;;;;;;;;
Bryophyta;Bryopsida;Bryidae;Hypnales;Thuidiaceae;1;Thuidium;tamariscinum;;;(Hedw.) Bruch. Schimp. & W Gümbel;Thuidium tamariscinum;6;;0;Am 2, Am 3, Am 5, Afr 1, Afr 2, Afr 4, As 2, As 5, Eur.;;;;;;;;;;;;;;
Bryophyta;Bryopsida;Bryidae;Hypnales;Thuidiaceae;1;Thuidium;tomentosum;;;Schimp & Besch;Thuidium tomentosum;6;;0;Am 2, Am 3, Am 4, Am 5,;;;;;Saxícola, Epífito;Roca # Bejuco;;;;;;;;En Pittier 1936 Thuidium antillarum Besch
Bryophyta;Bryopsida;Bryidae;Hypnales;Thuidiaceae;1;Thuidium;urceolatum;;;Lorente;Thuidium urceolatum;6;;0;Am 2, Am 3, Am 4, Am 5,;;;;;Acuático;;;;;;;;;En Pittier 1936 como Thuidium acuminatum Mitt. Y como Thuidium antillarum Besch. En riachuelos, Selva Húmeda
Bryophyta;Bryopsida;Bryidae;Hypnales;Trachypodiaceae;0;Trachypus;viridulus;;;(Mitt.) Broth.;Trachypus viridulus;6;;0;;;;;;;;;;;;;;;