nombre;estado;localidad;altitud_min;altitud_max;coleccion;FechaColeccion;herbario;latitud;longitud;cita_corta
Sphagnum hertelianum;5;Kwei-kon-ima Tepuy (=Cerro Guaiquinima);1500;1550;H. Hertel 36606;1990-02-15;M, MICH;047'N;651'W;"Crum 2002; Tropicos.org"
Sphagnum juliforme;5;Macizo Chimantá, rápidos del Río Apácara;;;;;;;;
Sphagnum juliforme;;Sin localidad;;;;;;;;Churchill et al. 2000
Sphagnum liesneri;5 ;17 Km E de Paují por carretera y 64 Km W de Santa Elena por el camino. 4 Km N de la carretera. Río Las Ahailas;850;;Liesner, R. 19035;1985-10-28;VEN;;;Morales & García 2006
Sphagnum liesneri;;Sin localidad;;;;;;;;Churchill et al. 2000
Sphagnum limbatum;16;Silla de Caracas;;; Funck & Schlim 344 p.p;;;;;Pittier 1936
Sphagnum limbatum;;Sin localidad;;;;;;;;Churchill et al. 2000
Sphagnum limbatum;15;Parque Nacional Sierra Nevada. Entre Las Estaciones La Montaña y La Aguada del Teleférico de Mérida.;2800;;Ussher et al. 9905-211;;MERC;;;Ussher & León 2010
Sphagnum maegdefraui;15; Estación La Aguada;;;;;;;;
Sphagnum maegdefraui;;Sin localidad;;;;;;;;Churchill et al. 2000
Sphagnum maegdefraui;15;Pico Espejo, La Aguada;3350;;Mägdefrau, K. 697;1958-04-02;VEN, HIRO, M;;;"Morales & García 2006; Tropicos.org"
Sphagnum magellanicum;1;Atures Sierra Maigualida;;;;;;;;Pursell 1973
Sphagnum magellanicum;;Sin localidad;;;;;;;;Churchill et al. 2000
Sphagnum magellanicum;1;Cerro Yapacana;;;;;;;;
Sphagnum magellanicum;1;Cerro Autana;;;;;;;;
Sphagnum magellanicum;1;Marahuaca;;;;;;;;
Sphagnum magellanicum;1;Alto Orinoco Cumbres del Duida  ;;;H. H. Tate 483.;;;;;Pittier 1936
Sphagnum magellanicum;2;En la cima del Cerro Peonia arriba de Santa Cruz;;;;;;;;Pursell 1973
Sphagnum magellanicum;5;El Puaji;;;;;;;;
Sphagnum magellanicum;5;Macizo Chimantá, sabana pantanosa a lo largo de la rama oeste de la cabecera del Rio Tirica;2000;;Steyermark & Wurdack 900;;;;;Maguire & Wurdack 1960
Sphagnum magellanicum;5;Rápidos del Río Apácara, a 1/2 milla de la desembocadura del Río Abácapa al lado occidental del Tepui Apácara;415;;Steyermark 74664, 74697;;;;;Maguire & Wurdack 1960
Sphagnum magellanicum;5;Techine-Merú, a lo largo del Río Aparuren, entre la desembocadura del Río Aparuren y Kon quén;470;;Steyermark 76059;;;;;Maguire & Wurdack 1960
Sphagnum magellanicum;5;Sierra de Lema;;;;;;;;
Sphagnum magellanicum;5;Cerro Sarisariñama;;;;;;;;
Sphagnum magellanicum;5;Cumbre de Amaruay-tepui, Roraima;;;;;;;;
Sphagnum magellanicum;10;Cordillera del Ávila entre Los Venados y Pico Oriental;;;;;;;;Pursell 1973
Sphagnum magellanicum;15;Sierra Nevada de Mérida entre La Aguada y  La Montaña;;;;;;;;Pursell 1973
Sphagnum magellanicum;15;Sierra de Santo Domingo,  Páramo de Los Conejos;;;;;;;;
Sphagnum magellanicum;15;El Cañaveral Cuenca del Aracay;;;;;;;;
Sphagnum magellanicum;21;Páramo El Batallón;;;;;;;;
Sphagnum magellanicum;21;Páramo de Tamá;;;;;;;;
Sphagnum magellanicum;20;Cerro Tumiriquire arriba de La Trinidad;;;;;;;;Pursell 1973
Sphagnum magellanicum;22;Páramo de Guiriguay;;;;;;;;
Sphagnum magellanicum;22;Páramo La Cristalina;;;;;;;;
Sphagnum magellanicum;22;Páramo de Guaramacal;;;;;;;;
Sphagnum magellanicum;22;Escuque;;;;;;;;
Sphagnum magellanicum;14;En potrerito, un sector del páramo de Los Nepes;2550;;Manuel López-Figueiras, 17274;1978-09-25;MERF;;;León et al. 2012
Sphagnum magellanicum;5;Meseta del Jaua, Cerro Sarisariñama, al borde de la Sima Mayor, Bosque enano;1320;;Julian, A. Steyermark, Victoriano Carreño y Charles Brewer-Carias 109024;1974-02-13;MERF;;;León et al. 2012
Sphagnum magellanicum;15;Llano componedero, arriba de la Piedra de Pirela, Páramo de Pozo Negro, un sector del gran páramo de San José;3170;;Luis Ruiz-Teran & Santiago López Palacios 6570;1971-12-18;MERF;;;León et al. 2012
Sphagnum magellanicum;15;"Páramo de Los Conejos, Sierra del Norte, en los alrededores de la finca ""San Rafael"", creciendo con Espeletia schultzii y arbustos";3300;;Dana Griffin, III & Manuel López F. PV-527;1984-07-24;MERF;;;León et al. 2012
Sphagnum magellanicum;15;Páramo de Los Granates, alrededores de la Laguna Brava;2700;2800;Manuel López-Figueiras 15430;1977-12-29;MERF;;;León et al. 2012
Sphagnum magellanicum;15;Sierra de Santo Domingo, Páramo de Mucubají, Laguna de Mucubají hacia Mucuñuque;3500;3600;Manuel López-Figueiras 14304;1977-11-07;MERF;;;León et al. 2012
Sphagnum magellanicum;15;Flanco occidental de los Adobes, Páramo de Los Conejos, Sierra de la Culata, cordillera de los Andes;3500;3650;Luis Ruiz Teran 7041;1972-03-25;MERF;;;León et al. 2012
Sphagnum magellanicum;15;Flanco occidental de los Adobes, Páramo de Los Conejos, Sierra de la Culata, cordillera de los Andes;3500;3650;Luis Ruiz Teran 7015;1972-03-25;MERF;;;León et al. 2012
Sphagnum magellanicum;15;Las Escaleras- Laguna El Boquerón, páramo de Minugý, unos 10 k mal SE de San Rafael de Mucuchíes;3150;3400;Luis Ruiz Teran 7338;1972-05-21;MERF;;;León et al. 2012
Sphagnum magellanicum;15;Sierra Nevada de Santo Domingo, a lo largo del páramo de los Granates;2600;2700;Manuel López Figueira 15414;1977-12-28;MERF;;;León et al. 2012
Sphagnum magellanicum;15;A lo largo de la carretera entre la finca San Eusebio y la Azulita;1800;1900;Manuel López Figueira 13742;1976-04-13;MERF;;;León et al. 2012
Sphagnum magellanicum;15;Sierra Nevada de Santo Domingo, a lo largo del páramo de los Granates;2600;2700;Manuel López Figueira 15416;1977-12-28;MERF;;;León et al. 2012
Sphagnum magellanicum;22;A lo largo del Páramo de la Cristalina;2000;2300;Manuel López-Figueira  & M. Keogh 11442;1976-01-07;MERF;;;León et al. 2012
Sphagnum magellanicum;22;Páramo de Motumbo, quebrada de El Volcán, un afluente del Aracay;3100;3200;Manuel López-Figueira  12577;1976-01-20;MERF;;;León et al. 2012
Sphagnum magellanicum;22;A lo largo del Páramo de la Cristalina;2000;2300;Manuel López-Figueira  & M. Keogh 11440;1976-01-07;MERF;;;León et al. 2012
Sphagnum magellanicum;22;El Cañaveral, base del Páramo del mismo nombre, cuenca del Aracay;3100;;Manuel López-Figueira 12207;1976-02-07;MERF;;;León et al. 2012
Sphagnum magellanicum;22;Cercanías de la torre de T.V. entre Agua de Obispo y la Peña, carretera Carache-Humocaro;2500;;Manuel López-Figueira 12971;1976-04-05;MERF;;;León et al. 2012
Sphagnum magellanicum;22;La Fila, cumbres del páramo de Cendé;3100;3400;Manuel López-Figueira 12964;1976-03-31;MERF;;;León et al. 2012
Sphagnum magellanicum;22;Alrededores de las lagunas La Paridas, Páramo de Guirigay;3400;;Manuel López-Figueira 10834;1975-10-18;MERF;;;León et al. 2012
Sphagnum meridense;2;Cerro Peonia, Santa Cruz ;;;;;;;;Bartram 1957
Sphagnum meridense;;Sin localidad;;;;;;;;Churchill et al. 2000
Sphagnum meridense;2;;;;;;;;;Pursell 1973
Sphagnum meridense;4;Colonia Tovar;;;Allart 293 ;;;;;"Pursell 1973; Pittier 1936"
Sphagnum meridense;5;Macizo Chimantá, inmediaciones del campo de la Cumbre;1925;;Steyermark & Wurdack 382;;;;;"Pursell 1973; Maguire & Wurdack 1960"
Sphagnum meridense;5;Bosque húmedo a lo largo de la quebrada abajo cascada, cerca del Campo 4 al borde suroeste de Apácara-tepuí ;1800;2000;Steyermark 74979;;;;;Maguire & Wurdack 1960
Sphagnum meridense;10;;;;;;;;;Pursell 1973
Sphagnum meridense;10;;;;López-Figueiras M. 25149;1981-02-14;MERF;;;León et al. 2012
Sphagnum meridense;15;;;;Moritz 179, tipo;;;;;"Pittier 1936; Pursell 1973"
Sphagnum meridense;15;;;;;;;;;López-Figueiras 1976
Sphagnum meridense;15;Parque Nacional Sierra Nevada. Entre Las Estaciones La Montaña y La Aguada del Teleférico de Mérida.;2720;;Ussher & Perdomo 0008-286;;MERC;;;Ussher & León 2010
Sphagnum meridense;15;Ejido;;;López-Figueiras M. 11144;1975-07-27;MERF;;;León et al. 2012
Sphagnum meridense;15;Páramo de Pozo Negro, un sector del Páramo de San José;;;Ruiz Terán L. & López P. S. 6537;1971-12-18;MERF;;;León et al. 2012
Sphagnum meridense;15;Aricagua;;;López-Figueiras M. 12589, 12590;1976-03-09;MERF;;;León et al. 2012
Sphagnum meridense;15;Aricagua;;;López-Figueiras M. 12591, 12592;1976-03-11;MERF;;;León et al. 2012
Sphagnum meridense;15;Llano Componedero, arriba de la Piedra, páramo de Pozo Negro, un sector del gran páramo de San José;3170;;Ruiz Terán L. & López P. S. 6537;;;;;
Sphagnum meridense;16;Silla de Caracas  ;;;Funck & Schlim 344;;;;;"Pursell 1973; Pittier 1936"
Sphagnum meridense;21;La Grita Karsten;;;;;;;;"Pursell 1973; Pittier 1936"
Sphagnum meridense;21;;;;López-Figueiras et al. 8195;1972-11-28;MERF;;;León et al. 2012
Sphagnum meridense;22;Debajo del Páramo de Guaramacal, entre Boconó y Guaramacal;;;;;;;;
Sphagnum meridense;22;Distrito Boconó. Páramo de Guaramacal, por encima del pueblo de Boconó;;;;;;;;
Sphagnum meridense;22;;;;López-Figueiras M. & Keogh M. 11869;1976-01-06;MERF;;;León et al. 2012
Sphagnum meridense;1;Macizo Aracamuni;750;;Huber, O. & Medina, E. 5933;1981-02-10;VEN;;;Morales & García 2006
Sphagnum meridense;2;Cerro Peonía, por encima de Santa Cruz cabeceras del Río Manantiales, E de Bergatin;1800;2000;Steyermark, J. 61594;1945-03-20;VEN;;;Morales & García 2006
Sphagnum meridense;4;Colonia Tovar;1900;2000;Allart 293;1924-12-01;VEN;;;Morales & García 2006
Sphagnum meridense;5;Auyan-tepui, el Peñon, campamento 3;;;Vareschi, V. & Foldats 4795;1956-04-20;VEN;;;Morales & García 2006
Sphagnum meridense;22;Páramo de Guaramacal, entre Boconó y Guaramacal;2800;;Steyermark, J. 104796;1971-02-24;VEN;;;Morales & García 2006
Sphagnum meridense;22;Carretera (en construcción) Boconó- Las Negritas;1225;2500;Manuel López-Figueiras & M. Keogh 11869;1976-01-06;MERF;;;León et al. 2012
Sphagnum negrense;21;Explanada inferior del Pico de Banderas, páramo de Tamá;3000;;Ruiz-Teran, L., López-Figueiras, M., John et Marie Wurdack & Stephen Tillet 8195;1972-11-28;MERF;;;León et al. 2012
Sphagnum negrense;10;Cordillera de la Costa, El Ávila, vía Estación Teleférico, El Lagunazo;;;Manuel López-Figueiras 25149;1981-02-14;MERF;;;León et al. 2012
Sphagnum negrense;;;;;;;;;;Crum 1993
Sphagnum ornatum;1;Cerro Neblina;;;;;;;;
Sphagnum ornatum;;Sin localidad;;;;;;;;Churchill et al. 2000
Sphagnum ornatum;1;Cerro Marahuaca;;;;;;;;
Sphagnum ornatum;1;Cerro Sipapo;;;;;;;;
Sphagnum ornatum;1;Cerro Huachamacari;;;;;;;;
Sphagnum ornatum;1;Cerro Duida;;;;;;;;
Sphagnum ornatum;5;Cerro Venamo;;;;;;;;
Sphagnum ornatum;5;Cerro Sarisariñama;;;;;;;;
Sphagnum ornatum;5;Cerro Guanacoco;;;;;;;;
Sphagnum ornatum;5;Cerro Guaiquinima;;;;;;;;
Sphagnum ornatum;1;Cerro de La Neblina, summit camp XII, 2 Km SW del Pico Phelps, 17,5 Km ES campo base;;;Buck, W. 12999;1985-02-26;VEN;;;Morales & García 2006
Sphagnum ornatum;1;Cerro de La Neblina, summit camp. # 3 ;;;Buck, W. 10772;1984-02-07;VEN;;;Morales & García 2006
Sphagnum ornatum;1;Cerro de La Neblina, summit camp. # 4;;;Buck, W. 10931, 10700, 10948, 10902;1984-02-17;VEN;;;Morales & García 2006
Sphagnum ornatum;1;Cerro de La Neblina;1880;;Buck, W. 10628;1984-02-07;VEN;;;Morales & García 2006
Sphagnum ornatum;1;Cerro de La Neblina N° 2-2,8 Km NE de Pico Phelps;2085;2100;Buck, W. 12677, 12697;1985-01-29;VEN;;;Morales & García 2006
Sphagnum ornatum;5;Cerro Guaiquinima;990;;Boom, B. 9333;1990-02-04;VEN;;;Morales & García 2006
Sphagnum ornatum;5;Cerro Venamo, parte SO;1400;1575;Steyermark, J., G.C.K. & E. Dunsterville 92557;1964-01-02;VEN;;;Morales & García 2006
Sphagnum oxyphyllum;1;Departamento Atabapo: Cerro Marahuaca, cabeceras del Río Iguapo, sector meridional del la Meseta Sur-Este;;;;;;;;Pursell 1973
Sphagnum oxyphyllum;;Sin localidad;;;;;;;;Churchill et al. 2000
Sphagnum oxyphyllum;1;Cerro Sipapo (Paráque), Sabana Caño Negro;;;Maguire & Politi 27721;;;;;Maguire & Wurdack 1960
Sphagnum oxyphyllum;5;Acantilados de Sabana del Norte ;1400;;Maguire & Politi 27771;;;;;Maguire & Wurdack 1960
Sphagnum oxyphyllum;;Acantilados con vista sobre Caño Negro;1500;;Maguire & Politi 28202, 28203;;;;;Maguire & Wurdack 1960
Sphagnum oxyphyllum;5;Distrito Piar: Macizo del Chimantá. Altiplanicie en la base meridional de los farallones superiores del Apacará-tepui, sector Norte del Macizo, Ptari tepui;;;;;;;;Pursell 1973
Sphagnum oxyphyllum;21;Paramito entre La Quebrada del Palmar y Quebrada Paramito en la base del Páramo de Tamá;;;;;;;;"Pursell 1973; Bartram 1957"
Sphagnum oxyphyllum;1;Cerro de La Neblina, 2,8 Km al NE del Pico Phelps;;;Buck, W. 11564;1984-03-17;VEN;;;Morales & García 2006
Sphagnum oxyphyllum;1;Río Mawarinuma, Cañon Grande, Neblina campo base;140;;Buck, W. 11509;1984-02-01;VEN;;;Morales & García 2006
Sphagnum oxyphyllum;5;Cerro Guaiquinima;1500;;Sipman, H. 27227;1990-02-14;VEN;;;Morales & García 2006
Sphagnum oxyphyllum;5;Cumbre de Cerro Guaiquinima;1560;;Steyermark, J., G.C.K. & E. Dunsterville 113519;1977-01-26;VEN;;;Morales & García 2006
Sphagnum oxyphyllum;5;Meseta del Jaua, Cerro Sarisariñama, cumbre porción NE;700;;Brewer-Carias, Ch s/n ;1976-02-10;VEN;;;Morales & García 2006
Sphagnum oxyphyllum;5;Macizo del Chimantá;2200;;Steyermark, J., Huber, O. & Carreño, V. 128340;1983-01-30;VEN;;;Morales & García 2006
Sphagnum oxyphyllum;5;Cerro Venamo, parte SO;1500;;Steyermark, J., Huber, O. & Carreño, V. 92592;1964-01-02;VEN;;;Morales & García 2006
Sphagnum oxyphyllum;21;Paramito entre La Quebrada del Palmar y Quebrada Paramito en la base del Páramo de Tamá, 2 Km above Betania and 7 Km above Villapaez;2500;;Steyermark, J. 57200;1944-07-14;VEN;;;Morales & García 2006
Sphagnum oxyphyllum;15;Comprado en el Mercado Principal de la Ciudad de Mérida, para hacer los pesebres, proveniente de zonas templadas y frías aledañas;;;Luis Ruiz- Teran & Manuel López-Figueiras 8346;1972-12-24;MERF;;;León et al. 2012
Sphagnum oxyphyllum;15;A lo largo del Páramo de la Cristalina;2000;2300;López-Figueiras & M. Keogh 11441;1976-01-07;MERF;;;León et al. 2012
Sphagnum oxyphyllum;22;Cumbre del páramo de La Cristalina, arriba de las cabeceras de la Quebrada El Riecito;3000;3150;Luis Ruiz- Teran 9028;1973-08-04;MERF;;;León et al. 2012
Sphagnum oxyphyllum;22;Peñas Blancas, páramo de Guirigay;3250;;López-Figueiras & Ruiz Teran 11009;1975-10-19;MERF;;;León et al. 2012
Sphagnum oxyphyllum;22;La fila, cumbres del páramo de Cendé;3100;3400;López-Figueiras 12963;1976-03-31;MERF;;;León et al. 2012
Sphagnum palustre;1;Departamento Atabapo: Cerro Marahuaca, cabeceras del Río Iguapo, sector meridional del la Meseta Sur-Este;;;;;;03°36'N;065°23'W;
Sphagnum palustre;5;Auyan-tepui;;;;;;;;Pursell 1973
Sphagnum palustre;1;Comunidad de Culebra, entre los Cerros Duida y Huachamacari;200;400;Guariglia, M., Holmgren, N., Luteyn, J., Mori, S. & Steyermark, J. 1740;1982-01-28;VEN;;;Morales & García 2006
Sphagnum palustre;1;Cerro Guaiquinima, Río Szczerbanari (Río Carapo), 1-2 Km Río Arriba del Salto Szczerbanari;750;;Steyermark, J., G.C.K. & E. Dunsterville 113130;1977-01-30;VEN;;;Morales & García 2006
Sphagnum palustre;5;Salto Churún, NE del campamento N del Río Churún;1820;;Steyermark, J. 93864;1964-05-13;VEN;;;Morales & García 2006
Sphagnum palustre;5;Serranía Guanay, Río Parguaza;1700;;Huber, O. 11081;1985-10-20;VEN;;;Morales & García 2006
Sphagnum perichaetiale;1;Cerro Huachamacari, Río Cunucunuma. Justo debajo de Paso de Diablo;;;;;;;;Pursell 1973
Sphagnum perichaetiale;;Sin localidad;;;;;;;;Churchill et al. 2000
Sphagnum perichaetiale;1;Sierra Parima: Vecindades de Simarawochi, Río Matacuni;;;;;;;;
Sphagnum perichaetiale;1;Depto. Atabapo. Cerro Marahuaca, cumbre;;;;;;;;Tropicos.org
Sphagnum perichaetiale;1;Sierra Pakaraima: Cabeceras del Río Paragua (Aguapira), a lo largo de la frontera Venezolana-Brasilera, frontera No. 15;;;;;;;;Pursell 1973
Sphagnum perichaetiale;1;Cerro Sipapo (Paráque), sabana de Caño Negro;1500;;Maguire & Politi 27722;;;;;
Sphagnum perichaetiale;5;Macizo del Chimantá porción este central de la cumbre de Apácara-tepuí;2450;2500;Steyermark 75927;;;;;Maguire & Wurdack 1960
Sphagnum perichaetiale;5;Distrito Piar: Macizo del Chimantá. Pequeñas altiplanicies en la base septentrional de los farallones superiores del Amurí-tepui Sec. O del Acopán-tepui;;;;;;;;
Sphagnum perichaetiale;5;"Distrito Piar: Macizo del Chimantá, sector centro-noreste del Chimantá-tepui, cabeceras orientales del Caño Chimantá; Cumbre de Cerro Guaiquinima, a lo largo del Río Szczerbanari (Río Carapo), 1-2 Km río arriba del Salto Szezerbanari";;;;;;;;
Sphagnum perichaetiale;5;"3 Km S de El Puaji, Morichal; 17 Km E del Paují por la carretera y a 64 Km O de Santa Elena por la carretera a 4 Km al N de las cabeceras de Río Las Ahailas";;;;;;;;
Sphagnum perichaetiale;5;4 Km O de El Paují, 2 to 5 Km al N de la vía a  Río Chaberú;;;;;;;;Tropicos.org
Sphagnum perichaetiale;5;Macizo de Jaua;;;;;;;;
Sphagnum perichaetiale;5; Auyan-tepui;;;;;;;;
Sphagnum perichaetiale;1;Alrededores de la Comunidad de Culebra, entre los Cerros Duida y Huachamacari;200;400;Guariglia, M., Holmgren, N., Luteyn, J., Mori, S. & Steyermark, J. 1740, 1684;1982-01-28;VEN;;;Morales & García 2006
Sphagnum perichaetiale;1;Raudales de Tío Coro- Coro;150;;Steyermark, J. & Redmon, P. 117110;1978-04-30;VEN;;;Morales & García 2006
Sphagnum perichaetiale;1;Cerro Marahuaca;2480;;Guariglia, M., Holmgren, N., Luteyn, J., Mori, S. & Steyermark, J. 1511, 1609, 1742, 1564;1982-01-31;VEN;;;Morales & García 2006
Sphagnum perichaetiale;1;Río Mawarinuma, Cañon Grande, Neblina campo base;140;;Buck, W. 11487;1984-02-01;VEN;;;Morales & García 2006
Sphagnum perichaetiale;1;Cerro Huachamacari;1800;;Guariglia, M., Holmgren, N., Luteyn, J., Mori, S. & Steyermark, J. 1794;1982-02-10;VEN;;;Morales & García 2006
Sphagnum perichaetiale;1;Cerro Duida;1200;;Guariglia, M., Holmgren, N., Luteyn, J., Mori, S. & Steyermark, J. 1749, 1751;1982-02-10;VEN;;;Morales & García 2006
Sphagnum perichaetiale;1;Cerro Marahuaca, cumbre S.;2800;;Steyermark, J. & Delascio, F. 129112;1983-03-26;VEN;;;Morales & García 2006
Sphagnum perichaetiale;5;17 Km E de El Paují, 64 Km O de Santa Elena, 4 Km N de Río Las Ahailas;850;;Liesner, R. 19160;1985-10-30;VEN;;;Morales & García 2006
Sphagnum perichaetiale;5;A 4 Km W de El Paují, 2-5 Km N de Río Chaberú;750;900;Liesner, R. 19951;1985-11-12;VEN;;;Morales & García 2006
Sphagnum perichaetiale;5;Carona, Canaima;400;;Vareschi, V. 536;1958-03-16;VEN;;;Morales & García 2006
Sphagnum perichaetiale;5;A 3 Km S de El Pují;900;;Liesner, R. & Holst, B. 18825;1985-10-19;VEN;;;Morales & García 2006
Sphagnum perichaetiale;5;A 2 Km al S de el Río Chibau;;;Maguire, B., Steyermark, J., & Maguire, C. 53557;1962-09-01;VEN;;;Morales & García 2006
Sphagnum perichaetiale;5;Macizo de Chimantá, sector O del Acopán-tepui;1950;;Steyermark, J., Huber, O & Carreño, V. 128664;1983-02-02;VEN;;;Morales & García 2006
Sphagnum perichaetiale;5;Macizo del Chimantá, sector centro-noreste del Chimantá-tepui, Caño Chimantá;2000;;Steyermark, J., Huber, O & Carreño, V. 128153;1983-01-26;VEN;;;Morales & García 2006
Sphagnum perichaetiale;5;Meseta del Jaua, Cerro Sarisariñama, cumbre porción NE;700;;Brewer-Carias, Ch s/n ;1976-02-10;VEN;;;Morales & García 2006
Sphagnum perichaetiale;10;Naiguatá;2650;;Vareschi, V. s/n ;1952-01-20;VEN;;;Morales & García 2006
Sphagnum portoricense;5;Macizo Chimantá, sección central. A lo largo de este rama de la cabecera del Río tirica;;;;;;;;
Sphagnum portoricense;;Sin localidad;;;;;;;;Churchill et al. 2000
Sphagnum portoricense;5;Macizo Chimantá, sección central. Inmediaciones del campo de la Cumbre;1925;;Steyermark & Wurdack 381;;;;;
Sphagnum pulvinatum;5;Cerro de La Neblina, Frontera entre Venezuela y Brasil, Planicie de la Zuloaga, Río Titirico;2300m;;;;;;;
Sphagnum pulvinatum;;Sin localidad;;;;;;;;Churchill et al. 2000
Sphagnum pulvinatum;1;Cerro de La Neblina, campo base XII, SO del Pico Phelps, 17,5 Km SE del campo base;;;Buck, W. 13006;1985-02-26;VEN;;;Morales & García 2006
Sphagnum pulvinatum;1;Cerro de La Neblina, 2-2,8 Km NE de Pico Phelps;2085;2100;Buck, W. 12607;1985-01-29;VEN;;;Morales & García 2006
Sphagnum pulvinatum;1;Cerro de La Neblina, 2-2,8 Km NE de Pico Phelps;2085;2100;Buck, W. 12924;1985-02-12;VEN;;;Morales & García 2006
Sphagnum reclinatum;1;Dpto. Río Negro: Justo en las afueras del Cañón Grande, por el sendero aproximadamente 1 1/2 - 2 horas a pie al sur de Neblina campamento base a Río de Agua Blanca;;;;;;;;
Sphagnum reclinatum;;Sin localidad;;;;;;;;Churchill et al. 2000
Sphagnum reclinatum;1;Cañon Grande;150;;Buck, W. 12751;1985-02-01;VEN;;;Morales & García 2006
Sphagnum recurvum;1;Dpto. Atabapo: Cerro Marahuaca;;;;;;;;Pursell 1973
Sphagnum recurvum;5;Distrito Piar: Macizo del Chimantá;;;;;;;;
Sphagnum recurvum;5;Sierra Ichún: al norte del Salto María Espuma (Salto Ichún), a lo largo del río Ichún;;;;;;;;
Sphagnum recurvum;5;Distrito Roscio: Selva siempre verde, 7 Km al noroeste de Ikabaru;;;;;;;;
Sphagnum recurvum;5;Las Sabanetas arriba de Los Aposentos al oeste de Humocaro;;;;;;;;"Pursell 1973; Bartram 1957"
Sphagnum recurvum;14;Entre La Peña y Agua de Obispo, 22-28 Km de Carache;;;;;;;;
Sphagnum recurvum;22;;;;;;;;;
Sphagnum recurvum;;Sin localidad;;;;;;;;Churchill et al. 2000
Sphagnum recurvum;15;Parque Nacional Sierra Nevada. Entre Las Estaciones La Montaña y La Aguada del Teleférico de Mérida.;2740;;Ussher y León 9906-243;;MERC;;;Ussher & León 2010
Sphagnum sancto-josephense;15;Arriba del cacerio Mocomboco, páramo de Aricagua;1800;3000;Ruiz-Terán y López F. 10524;;FLAS;;;Griffin III 1977c
Sphagnum sancto-josephense;;Sin localidad;;;;;;;;Churchill et al. 2000
Sphagnum sancto-josephense;21;Páramo de Tamá;2100;3200;Ruiz-Terán, López F. y Cuatrecasas 8366;;FLAS;;;Griffin III 1977c
Sphagnum sancto-josephense;22;Distrito Carache, entre Carache y Agua de Obispo, 15.7 Km NE de Carache;;;;;;;;
Sphagnum sancto-josephense;22;Carache y Agua de Obispo, 15,7 Km NE de Carache;2400;;Dorr, L., Rivero, R., Barnett, L. & Díaz, W. 5055;1988-05-10;VEN;;;Morales & García 2006
Sphagnum sancto-josephense;22;La fila, cumbre del páramo Cendé;3100;3400;M. López-Figueiras, 12962;1976-03-31;MERF;;;León et al. 2012
Sphagnum sancto-josephense;22;Sector Páramo los Nepes;2550;;Manuel López-Figueiras, 17275;1978-09-25;MERF;;;León et al. 2012
Sphagnum sancto-josephense;22;Páramo el Turnal;2900;3000;M. López-Figueiras, 12976;1976-04-03;MERF;;;León et al. 2012
Sphagnum sancto-josephense;22;Cercanías de la torre de T.V., entre Agua de Obispo y la Peña, carretera Carache- Humocaro;2500;;M. López-Figueiras, 12972;1976-04-05;MERF;;;León et al. 2012
Sphagnum sanguinale;5;Guayana: Roraima;;;Connell & Quelch 350 ;;;;;Pittier 1936
Sphagnum sanguinale;;Sin localidad;;;;;;;;Churchill et al. 2000
Sphagnum sanguinale;1;Cerro de La Neblina, campo base #3 ;;;Buck, W. 10739;1984-02-17;VEN;;;Morales & García 2006
Sphagnum sanguinale;5;Cerro Guaiquinima;1500;;Sipman, H. 27231;1990-02-14;VEN;;;Morales & García 2006
Sphagnum sanguinale;5;Cerro Guaiquinima;1500;;Sipman, H. 27086;1990-02-13;VEN;;;Morales & García 2006
Sphagnum simplicicaulis;5;Macizo Chimantá, a lo largo de los rápidos del Río Apacara en suelo arenoso, 1/4 de milla río abajo de la boca del Río Abacapa a la boca del Río Abacapa;;;;;;;;
Sphagnum simplicicaulis;;Sin localidad;;;;;;;;Churchill et al. 2000
Sphagnum sipmanii;5;Cerro Guaiquinima;;;;;;;;Tropicos.org
Sphagnum sipmanii;;Sin localidad;;;;;;;;Churchill et al. 2000
Sphagnum sipmanii;5;Cerro Guaiquinima;950;;Sipman, H. 26618;1990-02-05;VEN;;;Morales & García 2006
Sphagnum sparsum;5;Meseta del Jaua: Cerro Jaua, cumbre, borde del tributario del Río Marajano;;;;;;;;
Sphagnum sparsum;;Sin localidad;;;;;;;;Churchill et al. 2000
Sphagnum sparsum;15;Páramo de Los Granates, Sierra de Santo Domingo, cerca de la Laguna Brava;;;;;;;;
Sphagnum sparsum;15;Sierra Nevada de Mérida. Entre Estaciones La Aguada y La Montaña del teleférico;;;;;;;;
Sphagnum sparsum;15;Sierra Nevada de Santo Domingo, Páramo de Mucubají, en el camino hacia la Laguna Negra;3500;;Manuel López- Figueiras, 24692;1980-11-13;MERF;;;León et al. 2012
Sphagnum sparsum;22;El Páramo de La Cristalina;;;;;;;;
Sphagnum sparsum;22;Distrito Boconó, Páramo de Guaramacal;;;;;;;;
Sphagnum sparsum;1;Cerro Marahuaca, cumbre ;2480;2580;Guariglia, M., Holmgren, N., Luteyn, J., Mori, J. & Steyermark, J. 1614;1982-01-31;VEN;;;Morales & García 2006
Sphagnum sparsum;5;Meseta del Jaua, cumbre porción SO, Río Marajano;1800;;Steyermark, J., Carreño, V. & Brewer-Carías, Ch. 109826;1974-02-26;VEN, MERF;;;"Morales & García 2006; León et al. 2012"
Sphagnum sparsum;5;Meseta del Jaua, cumbre porción SO, Río Marajano;1800;;Steyermark, J., Carreño, V. & Brewer-Carías, Ch. 109321;1974-02-22;VEN, MERF;;;"Morales & García 2006; León et al. 2012"
Sphagnum sparsum;5;Cumbre de Cerro Guaiquinima, Río Szczernabari;750;;Steyermark, J., G.C.K. & E. Dunsterville 113368;1977-01-20;VEN;;;Morales & García 2006
Sphagnum strictum;5;Macizo Jaua;;;;;;;;
Sphagnum strictum;;Sin localidad;;;;;;;;Churchill et al. 2000
Sphagnum strictum;5;Sección central del Macizo de Chimantá. Matorrales cerca de las inmediaciones del campo de la cumbre;1295;;Steyermark & Wurdack 373;;;;;Maguire & Wurdack 1960
Sphagnum subsecundum;5;"Macizo Jaua; Auyan-tepui";;;;;;;;Pursell 1973
Sphagnum subsecundum;;Sin localidad;;;;;;;;Churchill et al. 2000
Sphagnum subsecundum;5;Macizo de Chimantá, entre los campos 3 y 4, SO del  borde de Apácara-tepui;1210;1600;Steyermark 75052;;;;;Maguire & Wurdack 1960
Sphagnum subsecundum;5;Macizo de Chimantá, riscos húmedo de las caídas superiores de Caño Mojado al noreste de la escarpa;1910;1970;Steyermark & Wurdack 974;;;;;Maguire & Wurdack 1960
Sphagnum subsecundum;5;Distrito Piar: Macizo del Chimantá. Sección oriental del Chimantá-tepui, cabeceras del afluente derecho superior del Río Tirica;;;;;;;;
Sphagnum subsecundum;5;Sierra de Lema, cabeceras de Río Chicanán, 80 Km al SE de El Dorado;;;;;;;;
Sphagnum subsecundum;5;Sierra Ichún: al norte del Salto María Espuma (Salto Ichún), a lo largo del río Ichún, Monte Roraima;;;;;;;;
Sphagnum subsecundum;12;Sierra de San Luis, Paraguariba, debajo de la cascada;;;;;;;;
Sphagnum subsecundum;15;Sierra Nevada ;;;;;;;;"Pursell 1973; Pittier 1936"
Sphagnum subsecundum;20;Cerro Tumiriquire;;;;;;;;Pursell 1973
Sphagnum subsecundum;1;Cerro Marahuaca;;;;;;;;
Sphagnum subsecundum;5;Macizo del Chimantá, sección oriental del Chimantá-tepui, Río Tirica;2450;;Steyermark, J., Huber, O. & Carreño, V. 128840;1983-02-07;VEN;;;Morales & García 2006
Sphagnum subsecundum;5;Cumbre del Ptari-tepui, al N de la misión de Santa Teresita de Kavanavayén;2360;2420;Steyermark, J., Carreño, V., Diarmind, R. & Brewer-Carias, Ch. 115693;1978-02-23;VEN;;;Morales & García 2006
Sphagnum subsecundum;5;Gran Sabana, Salto Aponwao;1130;;Steyermark, J., Carreño, V., G.C.K. & E. Dunsterville 115581;1978-02-22;VEN;;;Morales & García 2006
Sphagnum subsecundum;5;Río Chicanán, 80 Km al SO del Dorado;600;;Steyermark, J. 89581, 89558;1961-08-28;VEN;;;Morales & García 2006
Sphagnum subsecundum;5;Sierra Ichún, Río Ichún;625;725;Steyermark, J. 90288;1961-12-27;VEN;;;Morales & García 2006
Sphagnum subsecundum;5;Meseta de Jaua, Cerro Jaua, cumbre de la porción central occidental de la meseta, Río Kanarakuni;1922;2100;Steyermark, J. 98118;1967-03-22;VEN;;;Morales & García 2006
Sphagnum subsecundum;5;Pendientes del Auyan-tepui;1000;;Vareschi, V. & Foldats, E. 4761;1956-04-20;VEN;;;Morales & García 2006
Sphagnum subsecundum;5;Cerro Venamo ( parte SO) ;1400;1575;Steyermark, J., G.C.K. & E. Dunsterville 92658;1964-01-03;VEN;;;Morales & García 2006
Sphagnum subsecundum;5;Cerro Venamo ( parte SO) ;1400;1575;Steyermark, J., G.C.K. & E. Dunsterville 92558;1964-01-02;VEN;;;Morales & García 2006
Sphagnum subsecundum;20;Cerro del Diablo y Cerro de Neverí a lo largo de las cabeceras de Río Amana;2000;;Steyermark, J. 62749;1945-05-11;VEN;;;Morales & García 2006
Sphagnum subsecundum;20;Cerro Turimiquire, en la cresta divisoria del Río Manzanares y Río de Amana;1900;2000;Steyermark, J. 62702;1945-05-10;VEN;;;Morales & García 2006
Sphagnum subsecundum;21;Páramo de Tamá;3000;3200;Steyermark, J., G.C.K. & E. Dunsterville 98633;1967-05-20;VEN;;;Morales & García 2006
Sphagnum tenerum;5;17 Km al E del  Paují por la carretera a  64 Km Oeste de Santa Elena. 4 Km N de la carretera, Río Las Aguilas;;;;;;;;
Sphagnum tenerum;;Sin localidad;;;;;;;;Churchill et al. 2000
Sphagnum tenerum;1;Cerro de La Neblina, 15,5 Km  NNE of Pico Phelps;;;Buck, W. 11619;1984-03-17;VEN;;;Morales & García 2006
Sphagnum tenerum;5;A 17 Km E de El Paují, 64 Km W de Santa Elena, 4 Km N de ;850;;Liesner, R. 19159;1985-10-30;VEN;;;Morales & García 2006
Sphagnum tenerum;5;Cerro Guaiquinima;1500;;Sipman, H. 27224;1990-02-14;VEN;;;Morales & García 2006
Brachymitrion jamesonii;15;Páramo de Los Granates, finca de Los Granates, a lo largo del río de Los Granates y en las lomas cercanas;;;;;;;;
Brachymitrion jamesonii;;Sin localidad;;;;;;;;Churchill et al. 2000
Brachymitrion jamesonii;22;;;;;;;;;
Brachymitrion jamesonii;14;Páramo El Jabón al SE y arriba de Carache;;;M. López F. & Ruíz-Terán 986;;FLAS;;;Griffin III 1975
Brachymitrion moritzianum;15;Dist. Campo Elias: Llano Componedero, arriba de la Piedra de Pirela, Páramo de Pozo Negro;;;Moritz 70;;;;;Pittier 1936
Brachymitrion moritzianum;;Sin localidad;;;;;;;;Churchill et al. 2000
Splachnum pensylvanicum;1;Pianicle de Zuloaga, Río Titirico;;;;;;;;
Splachnum pensylvanicum;;Sin localidad;;;;;;;;Churchill et al. 2000
Splachnum pensylvanicum;1;Cerro de La Neblina, 3,5 Km al O del Pico Zuloaga;2000;;Thomas, W. & Plowman, T. 3135;1984-04-13;VEN;;;Morales & García 2006
Splachnum pensylvanicum;1;Cañon Grande, campamento base de La Neblina del Río Agua Blanca;1690;;Buck, W. 12929-A;1985-02-12;VEN;;;Morales & García 2006
Splachnum turbinatum;15;Mérida Páramo de Quirora, Páramo de Pozo Negro  ;;;M. López F. & Ruíz-Terán 6534;;FLAS;;;Griffin III 1975
Splachnum weberbaueri;21;;;;;;;;;
Splachnum weberbaueri;;Sin localidad;;;;;;;;Churchill et al. 2000
Splachnum weberbaueri;21;Río Quilimarí, Cerro Las Copas;2600;2630;Steyermark, J., G.C.K. & E. Dunsterville 100853;1968-01-13;VEN;;;Morales & García 2006
Tayloria rubicaulis;;Sin localidad;;;;;;;;Churchill et al. 2000
Tayloria rubicaulis;;;;;;;;;;Tropicos.org (ANBRY)
Tayloria scabriseta;15;Sierra Nevada de Mérida entre Loma Redonda y La Aguada y La Montaña;;;;;;;;
Tayloria scabriseta;;Sin localidad;;;;;;;;Churchill et al. 2000
Tetraplodon mnioides;1;;;;;;;;;
Tetraplodon mnioides;;Sin localidad;;;;;;;;Churchill et al. 2000
Splachnobryum obtusum;17;"Río Guatata a 12.5 Km NE de San Felix; 12 Km al NE de Quiriquire";;;;;;;;
Splachnobryum obtusum;;Sin localidad;;;;;;;;Churchill et al. 2000
Splachnobryum obtusum;14;En la confluencia de la Quebrada Honda con el Río Yacambú;500;;Steyermark, J. & Carreño, V. 107713;1973-07-28;VEN;;;Morales & García 2006
Entodontopsis leucostega;1;;;;;;;;;
Entodontopsis leucostega;;Sin localidad;;;;;;;;Churchill et al. 2000
Entodontopsis leucostega;4;;;;;;;;;
Entodontopsis leucostega;5;;;;;;;;;
Entodontopsis leucostega;10;Quebrada de Chacaito;;;Pittier 9946;;;;;Pittier 1936
Entodontopsis leucostega;13;Mesa de El Sombrero;;;Pittier 12464;;;;;Pittier 1936
Entodontopsis leucostega;14;A orillas del río Sarare justamente arriba del pueblo de Sarare;;;;;;;;
Entodontopsis leucostega;17;Sabana 10 Km oeste-suroeste de Jusepín;;;;;;;;
Entodontopsis leucostega;19;;;;;;;;;
Entodontopsis leucostega;23;Hacienda Iboa;4;500;Pittier 11141, Pittier 11142;;;;;Pittier 1936
Entodontopsis leucostega;25;San Martín del Río Palmar;;;Pittier 10525;;;;;Pittier 1936
Entodontopsis nitens;5;Hato La Vergareña, ca. 75 Km sur de Ciudad Piar;;;;;;;;
Entodontopsis nitens;;Sin localidad;;;;;;;;Churchill et al. 2000
Entodontopsis nitens;20;Parque Nacional Mochima;;;Guariglia, M. 1885;1982-09-09;VEN;;;Morales & García 2006
Entodontopsis panamensis;7;;;;;;;;;
Entodontopsis panamensis;;Sin localidad;;;;;;;;Churchill et al. 2000
Entodontopsis panamensis;10;;;;;;;;;
Entodontopsis papillifera;17;Cerca de Jusepín;;;;;;;;
Eulacophyllum cultelliforme;4;;;;;;;;;
Eulacophyllum cultelliforme;;Sin localidad;;;;;;;;Churchill et al. 2000
Eulacophyllum cultelliforme;17;Río Guatata, 12,5 Km al noreste de San Félix, 2 Km Número deJusepín;;;;;;;;
Eulacophyllum cultelliforme;20;;;;;;;;;
Pilosium chlorophyllum;1;Río Negro: Neblina Base Camp on Río Mawarinuma;;;;;;;;
Pilosium chlorophyllum;;Sin localidad;;;;;;;;Churchill et al. 2000
Pilosium chlorophyllum;1;Largo del Río Yatua, bajando desde el Cerro Arauicaua;;;;;;;;
Pilosium chlorophyllum;1;En Hauchica. 11 Km NE of San Carlos de Río Negro;;;;;;;;
Pilosium chlorophyllum;1;En las márgenes del río Yatua, subiendo el río desde el Cerro Arauicaua;;;;;;;;
Pilosium chlorophyllum;1;"Cerro Yapacana; entre el Campamento Base y la sabana";;;;;;;;
Pilosium chlorophyllum;3;Distrito Pedro Camejo: orillas del Río Meta, 19 Km WSW of Paraqüito;;;;;;;;
Pilosium chlorophyllum;3;Distrito Pedro Camejo: orillas del Río Meta, 19 Km WSW de Paraqüito;;;;;;;;
Pilosium chlorophyllum;5;"Caño Pablo, tributaRío del Río Caura; approx. 6 Km E-SE de ""Las Pavas"" Salto Para";;;;;;;;
Pilosium chlorophyllum;5;Río Caura, 2-8 Km S del Salto Para, Las Pavas;;;;;;;;
Pilosium chlorophyllum;7;18-20 Km sur de Puerto Cabello, ca. 9-14 Km sur de San Estaban en el antiguo camino a Valencia;;;;;;;;
Pilosium chlorophyllum;9;;;;;;;;;
Pilosium chlorophyllum;16;Cerros del título de Bachiller, cerca del extremo este, por encima de la Quebrada Corozal, al sur de Santa Cruz;;;;;;;;
Pilosium chlorophyllum;20;Península de Paria. Cerro Patao, norte de Puerto de Hierro ;;;;;;;;
Pilosium chlorophyllum;20;Largo de la Quebrada Nivardo, afluente de Río Caverna, afluente de Río Oscuro, arriba de Mundo Nuevo;;;;;;;;
Pilosium chlorophyllum;21;10 Km este de La Fundación, alrededor Represa Dorada;;;;;;;;
Pilosium chlorophyllum;25;55 Km SO de Machiques;;;;;;;;
Pilosium chlorophyllum;25;Aricuaisa - pie de Monte en Río Aricuaisa;;;;;;;;
Pilosium chlorophyllum;1;Río Yatua, Cerro Arauicaua;125;;Steyermark, J. & Bunting, G. 102647-A;1970-04-13;VEN;;;Morales & García 2006
Pilosium chlorophyllum;1;Río Yatua, Cerro Arauicaua;125;;Steyermark, J. & Bunting, G. 102654-E;1970-04-11;VEN;;;Morales & García 2006
Pilosium chlorophyllum;1;Cerro Yapacana;125;;Steyermark, J. & Bunting, G. 103280-A;1970-05-07;VEN;;;Morales & García 2006
Pilosium chlorophyllum;1;Alrededores de la Comunidad de Culebra, entre los Cerros Duida y Huachamacari;200;400;Steyermark, J: & Agostini, G. 91332;1962-07-25;VEN;;;Morales & García 2006
Pilosium chlorophyllum;1;Río Mawarinuma, Caño Grande, campamento base de La Neblina;140;;Buck, W. 12560, 12932, 10888, 12773;1985-02-01;VEN;;;Morales & García 2006
Pilosium chlorophyllum;1;1 Km al SO de La Neblina;200;340;Buck, W. 11395;1984-03-06;VEN;;;Morales & García 2006
Pilosium chlorophyllum;3;Reserva Forestal San Camilo, Cerro Nulita, al N del Caserío San Camilo, Río Nulita;250;280;Steyermark, J., Bunting, G. & Blanco, C. 101769;1968-04-03;VEN;;;Morales & García 2006
Pilosium chlorophyllum;3;Reserva Forestal San Camilo, Cerro Nulita, al N del Caserío San Camilo, Río Nulita;250;280;Steyermark, J., Bunting, G. & Blanco, C. 101854;1968-04-04;VEN;;;Morales & García 2006
Pilosium chlorophyllum;20;Península de Paria, Cerro Patao, N de Pto. De Hierro, al NE de Güiria;850;;Steyermark, J. & Agostini, G. 91012;1962-07-18;VEN;;;Morales & García 2006
Pilosium flaccisetum;1;Pie del Cerro Duida;250;;H. H. Tate 1063;;;;;Pittier 1936
Stereophyllum radiculosum;3;Orillas del Río Meta, cerca de la Martinera Brazo, el 19,5 Km O de Mata de Guanábano;;;;;;;;
Stereophyllum radiculosum;;Sin localidad;;;;;;;;Churchill et al. 2000
Stereophyllum radiculosum;4;;;;;;;;;
Stereophyllum radiculosum;10;Caracas;;;Moritz 28;;;;;Pittier 1936
Stereophyllum radiculosum;10;Quebrada Chacaito;;;Pittier 11111, Pittier 11113, Pittier 11115;;;;;Pittier 1936
Stereophyllum radiculosum;10;Bosque de Catuche;1000;;Pittier 10080-81;;;;;Pittier 1936
Stereophyllum radiculosum;15;;;;;;;;;
Symphyodon imbricatifolius;15;El Maciegal sobre La Pedregosa tributario del Río Chama ;;;Griffin et al. 718 ;;FLAS;;;Griffin III 1975
Symphyodon imbricatifolius;;Sin localidad;;;;;;;;Churchill et al. 2000
Homalia glabella;10;;;;;;;;;
Homalia glabella;;Sin localidad;;;;;;;;Churchill et al. 2000
Homalia glabella;20;;;;;;;;;
Homaliodendron flabellatum;4;;;;;;;;;
Homaliodendron piniforme;3;;;;;;;;;
Homaliodendron piniforme;20;;;;;;;;;
Porotrichum expansum;15;El Maciegal sobre La Pedregosa tributario del Río Chama ;;;Griffin et al. 791 ;;FLAS;;;Griffin III 1975
Porotrichum expansum;15;Carretera Mérida-La Azulita a 1 Km de La Chorrera via Jají ;;;Griffin et al. 165 ;;FLAS;;;Griffin III 1975
Porotrichum brevifolium;4;;;;;;;;;
Porotrichum expansum;15;;;;;;;;;
Porotrichum expansum;;Sin localidad;;;;;;;;Churchill et al. 2000
Porotrichum expansum;12;;;;;;;;;
Porotrichum expansum;21;;;;;;;;;
Porotrichum filiferum;14;;;;Griffin et al. 331 ;;NY;;;Tropicos.org (ANBRY)
Porotrichum filiferum;;Sin localidad;;;;;;;;Churchill et al. 2000
Porotrichum filiferum;;;;;;;MO;;;Moreno 1990
Porotrichum korthalsianum;4;Parque Nacional Henry Pittier, Rancho Grande, por encima Maracay;;;William A. Weber B-41230;1972-07-04;MO;10°21'N;067°38'W;
Porotrichum korthalsianum;;Sin localidad;;;;;;;;Churchill et al. 2000
Porotrichum korthalsianum;4;Origen del Río El Castaño, Curva de Las Locas.;1100;1240;VELOZ 0003;1979-02-22;MO;10°25'N;067°40'W;
Porotrichum korthalsianum;4;Comienzo Regresiva del Diablo. Parque Nacional Henry Pittier;;;;;;;;
Porotrichum korthalsianum;14;Cerca de los límites con el Estado Yaracuy, 17 Km norte de Urachiche;;;;;;;;
Porotrichum korthalsianum;15;Arriba del pueblito de Las Playitas y abajo del páramo de Beriguaca;;;;;;;;
Porotrichum korthalsianum;15;Páramo El Molino al sur del pueblo Santa Cruz de Mora;;;;;;;;
Porotrichum korthalsianum;15;Carretera Mérida-La Azulita cerca de La Chorrera ;;;Griffin et al. 129 ;;FLAS;;;Griffin III 1975
Porotrichum korthalsianum;16;;;;;;;;;
Porotrichum korthalsianum;19;Entre La Estación y La Laguna, 15-18 Km NO de Ospino;;;;;;;;
Porotrichum korthalsianum;1;Cerro Marahuaca;;;;;;;;
Porotrichum korthalsianum;;;;;Fendler 118;;;;;
Porotrichum korthalsianum;4;SE de la Colonia Tovar;1900;;Steyermark, J. 106475;1972-10-30;;;;
Porotrichum korthalsianum;4;Rancho Grande;;;Mägdefrau, K. 435;1958-02-27;;;;
Porotrichum korthalsianum;4;Rancho Grande, cerca de la estación biológica;1140;;Mägdefrau, K. 385;1958-02-20;;;;
Porotrichum korthalsianum;10;Cerro Naiguatá, Loma de Las Delicias, entre Quebrada de Basenilla y Quebrada Guayoyo, 1 -12 Km al SO de Hacienda Cocuizal;;;Steyermark, J. 91964;1963-11-15;VEN;;;Morales & García 2006
Porotrichum korthalsianum;14;17 Km al N de Urachiche;;;Steyermark, J., Smith, R. & Carreño, V. 111725;1975-03-28;VEN;;;Morales & García 2006
Porotrichum korthalsianum;15;La Carbonera;;;Vareschi, V. 5870-A;1957-01-13;VEN;;;Morales & García 2006
Porotrichum korthalsianum;15;;;;Steyermark, J. & Wiehler, H. 106665, 10665- A;1972-12-18;VEN;;;Morales & García 2006
Porotrichum korthalsianum;15;Mucuy;3400;;Vareschi, V. 1403;1952-05-30;VEN;;;Morales & García 2006
Porotrichum korthalsianum;15;Parque Nacional Sierra Nevada, 2 Km al S de Mérida;2550;2650;Kelly, D., O´Donovan, G. & Feehan, J. 10845-A;1995-08-08;VEN;;;Morales & García 2006
Porotrichum korthalsianum;15;Parque Nacional Sierra Nevada, 2 Km al S de Mérida;2550;2650;Kelly, D., O´Donovan, G. & Feehan, J. 10825, 11233;1995-08-25;VEN;;;Morales & García 2006
Porotrichum korthalsianum;19;La Estación y La Laguna, 15-18 Km al NO de Ospino;700;800;Steyermark, J., Liesner, R. & Aymard, G. 126995;1982-11-01;VEN;;;Morales & García 2006
Porotrichum korthalsianum;21;Páramo de la Negra;;;Steyermark, J. & Rabe, M. 96981;1966-08-29;VEN;;;Morales & García 2006
Porotrichum korthalsianum;21;4,6 Km al SE de Zumbador, sobre la carretera hacia Queniquea;;;Luteyn, J. & Lebrón- Luteyn, M. 9869;1984-04-13;VEN;;;Morales & García 2006
Porotrichum korthalsianum;21;Río Quinimarí, Cerro Las Copas;;;Steyermark, J., G.C.K. & E. Dunsterville 9869;1984-04-13;VEN;;;Morales & García 2006
Porotrichum korthalsianum;21;Río Quinimarí, Cerro Las Copas;;;Steyermark, J., G.C.K. & E. Dunsterville 100951;1968-01-15;VEN;;;Morales & García 2006
Porotrichum korthalsianum;22;La Peña y Agua de Obispo, 22-28 Km de Carache;;;Steyermark, J. 105001;1971-03-01;VEN;;;Morales & García 2006
Porotrichum korthalsianum;22;Páramo of Guaramacal, SE de las torres de televisión;2000;;Dorr, L., Barnett, L., Cuello, N. & Diggs, G. Jr 4998;1988-04-28;VEN;;;Morales & García 2006
Porotrichum korthalsianum;25;Sierra de Perijá;;;Griffin, D. 199;1975-07-07;VEN;;;Morales & García 2006
Porotrichum korthalsianum;25;Entre el campamento San José de los Altos y Topochalito;2200;2400;Griffin, D. 49;1975-07-07;VEN;;;Morales & García 2006
Porotrichum korthalsianum;23;Montaña de María Lionza, Quebrada Quibayo;;;Steyermark, J., Sobrevila, C., Fernández, D. & Hernández, A. 125137;1981-03-14;VEN;;;Morales & García 2006
Porotrichum lancifrons;14;Parque Nacional Yacambú, Sierra de Portuguesa;;;;;;;;
Porotrichum lancifrons;;Sin localidad;;;;;;;;Churchill et al. 2000
Porotrichum lancifrons;21;Páramo de Tamá, arriba de Betania y Tamá, Quebrada Buena Vista;;;Steyermark, J., G.C.K. & E. Dunsterville 98814;1967-05-22;VEN;;;Morales & García 2006
Porotrichum lancifrons;25;Sierra de Perijá, Río Omirakuná, SE de Pishikakao e Iría;1440;1460;Steyermark, J., G.C.K. & E. Dunsterville 105580, 105584, 105580;1972-03-22;VEN;;;Morales & García 2006
Porotrichum longirostre;5;;;;;;;;;
Porotrichum longirostre;;Sin localidad;;;;;;;;Churchill et al. 2000
Porotrichum longirostre;21;Dto. Sucre. 4.6 Km ESE of Zumbador camino a Queniquea;;;;;;;;
Porotrichum longirostre;25;San José de Los Altos, Entre San José de Los Altos y Topochalito;;;;;;;;
Porotrichum longirostre;25;"Cuenca del Río Socuy y el bosque nublado llamado ""el páramo"" arriba de la ""gran sabana""";;;;;;;;
Porotrichum longirostre;4;SE de la Colonia Tovar;1900;;Steyermark, J. 106475;1972-10-30;VEN;;;Morales y García 2006
Porotrichum longirostre;4;Rancho Grande, cerca de la Estación Biológica;;;Mägdefrau, K. 385;1958-02-20;VEN;;;Morales y García 2006
Porotrichum longirostre;4;Rancho Grande, entre Puerto Cabello y Ocumare;1000;;Mägdefrau, K. 435;1958-02-27;VEN;;;Morales y García 2006
Porotrichum longirostre;10;Cerro Naiguatá, Loma de las Delicias, entre Quebrada de Basenilla y Quebrada Guayoyo, 1-12 Km al SO de Hacienda Cocuizal;1390;1500;Steyermark, J. 91964;1963-11-15;VEN;;;Morales y García 2006
Porotrichum longirostre;15;La Carbonera;2300;;Steyermark, J. & Wiehler, H. 106665-A, 106665;1972-12-18;VEN;;;Morales y García 2006
Porotrichum longirostre;15;Parque Nacional Sierra Nevada, 2 Km de Mérida;2550;2650;Kelly, D., O´Donovan, G. & Feehan, J. 10845-A;1995-08-08;VEN;;;Morales y García 2006
Porotrichum longirostre;14;17 Km al N de Urachice;1450;;Steyermark, J., Smith, R. & Carreño, V. 111725;1975-03-28;VEN;;;Morales y García 2006
Porotrichum longirostre;21;4,6 Km al ESE de Zumbador, sobre la carretera hacia Queniquea;2621;;Luteyn, J. & Lebrón-Luteyn, M. 9869;1984-04-13;VEN;;;Morales y García 2006
Porotrichum longirostre;21;Río Quinimarí, Cerro Las Copas;2500;2700;Steyermark, J., G.C.K. & E. Dunsterville 100951;1968-01-15;VEN;;;Morales y García 2006
Porotrichum longirostre;22;La Peña y Agua de Obispo, 22-28 Km de Carache;2400;2500;Steyermark, J. 105001;1971-03-01;VEN;;;Morales y García 2006
Porotrichum longirostre;25;Valle del Río Socuy;2400;2800;Griffin, D. 278;1975-07-07;VEN;;;Morales y García 2006
Porotrichum longirostre;25;Entre el campamento San José de los Altos y Topochalito;2200;2400;Griffin, D. 134, 51, 49;1975-07-07;VEN;;;Morales y García 2006
Porotrichum longirostre;25;Sierra Perijá;1600;;Griffin, D. 199;1975-07-07;VEN;;;Morales y García 2006
Porotrichum mutabile;15;La Carbonera cerca de la Azulita;;;Griffin et al. 2022 ;;FLAS;;;Griffin III 1975
Porotrichum mutabile;22;Entre La Peña y Agua de Obispo, 22-28 Km de Carache;;;;;;;;
Porotrichum mutabile;7;Río San Gián, E de Los Tanques, al S de Borburata;;;Steyermark, J. & Steyermark, C. 95411;1966-03-31;VEN;;;Morales y García 2006
Porotrichum substriatum;2;Colinas boscosas entre  el Río León de Quebrada Danta y Río Zumbador;;;;;;;;
Porotrichum substriatum;;Sin localidad;;;;;;;;Churchill et al. 2000
Porotrichum substriatum;20;Cerro Tumiriquire;;;;;;;;
Porotrichum substriatum;2;Río León of Quebrada Danta and Río Zumbador, NE de Bergatín;;;Steyermark, J. 61138;1945-04-24;VEN;;;Morales y García 2006
Porotrichum substriatum;9;Río Grande, 33 Km al NE de El Palmar;;;Steyermark, J. 93103;1964-02-09;VEN;;;Morales y García 2006
Porotrichum substriatum;14;Paso de Angostura, Represa de Yacambú;;;Steyermark, J. & Carreño, V. 107718;1973-07-28;VEN;;;Morales y García 2006
Porotrichum substriatum;20;Cerro Turimiquire, La Trinidad;;;Steyermark, J. 62546;1945-05-05;VEN;;;Morales y García 2006
Porotrichum substriatum;16;Parque Nacional Guatopo, Río Sta. Cruz;220;;Steyermark, J. 97565;1966-10-27;VEN;;;Morales y García 2006
Porotrichodendron lindigii;4;"Rancho Grande; Hacienda Santa Barbara-el Loro, cerca San Casimiro";;;;;;;;
Porotrichodendron lindigii;;Sin localidad;;;;;;;;Churchill et al. 2000
Porotrichodendron lindigii;14;Sierra de Portuguesa, 8 Km de Sanare;;;;;;;;
Porotrichodendron lindigii;14;Distrito Jiménez: Parque Nacional Yacambú a 3 Km E de la estación ;;;;;;;;
Porotrichodendron lindigii;14;Querbrada El Blanco;;;;;;;;
Porotrichodendron lindigii;15;La Mucuy encima Tabay, Parque Nacional de La Sierra Nevada;;;;;;;;
Porotrichodendron robustum;15;La Carbonera en la Finca de San Eusebio;;;;;;;;
Porotrichodendron robustum;;Sin localidad;;;;;;;;Churchill et al. 2000
Porotrichodendron superbum;5;Sierra de Santo Domingo, 74 Km NO de Barinas y la ruta 1 y 71 Km de Mérida;;;;;;;;
Porotrichodendron superbum;;Sin localidad;;;;;;;;Churchill et al. 2000
Porotrichodendron superbum;14;Dto. Jiménez: Parque Nacional Yacambú, Sierra de Portuguesa;;;;;;;;
Porotrichodendron superbum;14;Distrito Jiménez: Parque Nacional Yacambú, las vecindades de El Blanquito, 19 Km SE de Sanare;;;;;;;;
Porotrichodendron superbum;15;"Páramo de Los Conejos, Sierra del Norte, en los alrededores de la finca ""San Rafael""";;;;;;;;
Porotrichodendron superbum;15;La Mucuy sobre Tabay, Parque Nacional de La Sierra Nevada;;;;;;;;
Porotrichodendron superbum;19;"15 Km E de Chabasquén; 67 Km NNO de Guanare";;;;;;;;
Porotrichodendron superbum;22;Distrito Carache. Páramo El Jabón;;;;;;;;
Porotrichodendron superbum;25;San José de Los Altos;;;;;;;;
Porotrichodendron superbum;14;Parque Nacional Yacambú, El Blanquito, 19 Km al SSE de Sanare;1450;;Steyermark, J., Delascio, F., G.C.K. & E. Dunsterville 103446;1970-08-06;VEN;;;Morales & García 2006
Porotrichodendron superbum;15;Parque Nacional de la Sierra Nevada;2300;;Griffin, D., López, M. & Ruiz, L. 17505;1972-07-01;VEN;;;Morales & García 2006
Porotrichodendron superbum;15;Parque Nacional de la Sierra Nevada, 2 Km S of Mérida;2550;2650;Kelly, D. & Drangeid, S. 10843- A;1995-08-01;VEN;;;Morales & García 2006
Porotrichodendron superbum;19;15 Km al E de Chabasquén, 67 Km al NNO de Guanare;1450;1520;Steyermark, J., Liesner, R. & Stergios, B. 126696;1982-10-29;VEN;;;Morales & García 2006
Porotrichodendron superbum;21;Páramo de Tamá;2475;2550;Steyermark, J., G.C.K. & E. Dunsterville 98490;1967-05-18;VEN;;;Morales & García 2006
Porotrichodendron superbum;22;Entre Boconó y el Batatal;1800;;Steyermark, J. & Rabe, M. 97373, 97381;1966-09-05;VEN;;;Morales & García 2006
Porotrichodendron superbum;22;Páramo Jabón;3150;;Dorr, L., Barnett, L., Rivero, R. & Díaz, W. 5349;1988-05-28;VEN;;;Morales & García 2006
Porotrichodendron superbum;25;Sierra de Perijá. Río Omira-kumá, SO de Pishikakao e Iría;1440;1460;Steyermark, J., G.C.K. & E. Dunsterville 105599;1972-03-22;VEN;;;Morales & García 2006
Porotrichodendron substolonaceum;7;Los Tanques y la Toma, Río San Gián, arriba de la Planta Elétrica, al S de Borburata;750;;Steyermark, J. & Steyermark, C. 95506;1966-03-27;VEN;;;Morales & García 2006
Porotrichodendron substolonaceum;15;Laguna Negra;;;Mägdefrau, K. 1654;1967-04-18;VEN;;;Morales & García 2006
Thamnobryum fasciculatum;4;;;;;;;;;
Thamnobryum fasciculatum;;Sin localidad;;;;;;;;Churchill et al. 2000
Thamnobryum fasciculatum;5;Monte Roraima;;;;;;;;
Thamnobryum fasciculatum;10;Cerca de Galipán;1700;;Funck & Schlim 355;;;;;Pittier 1936
Thamnobryum fasciculatum;15;San Jacinto, Monte Zerpa;;;;;;;;
Thamnobryum fasciculatum;17;Caripe;;;Moritz;;;;;Pittier 1936
Thamnobryum fasciculatum;19;15 Km de este de Chabasquén, 67 Km al NNO de Guanare;;;;;;;;
Thamnobryum fasciculatum;21;"Quebrada Agua Azul, Sur de El Reposo, 14 Km SE of Delicias; 18 Km suroeste de La Fundación";;;;;;;;
Thamnobryum fasciculatum;22;"Distrito Carache. Carretera entre La Playa, SW de Carache, y Potreritos de Cendé; ca. 14.1 Km de La Playa";;;;;;;;
Thamnobryum fasciculatum;20;Cerro Turimiquire;;;;;;;;
Thamnobryum fasciculatum;22;Entre La Playa SW de Carache y Potreritos de Cendé, ca. 14,1 Km para la Playa;2200;;Dorr, L., Barnett, L., Rivero, R. & Díaz, W. 5113, 5112;1988-05-11;VEN;;;Morales & García 2006
Thamnobryum liesneri;1;Atures, talud infeRíor  1760 m, 8 Km al noroeste de Yu-taje, a 3 Km W de Río Coro-Coro, W de la Serranía de Yutaj;;;;;;;;Allen & Churchill 2002
Thamnobryum subserratum;4;;;;;;;;;
Thamnobryum subserratum;;Sin localidad;;;;;;;;Churchill et al. 2000
Thamnobryum subseriatum;4;;;;;;;;;
Cyrto-hypnum frontinoae;;Sin localidad ;;;;;;;;Moreno 1990
Cyrto-hypnum frontinoae;;Sin localidad;;;;;;;;Churchill et al. 2000
Cyrto-hypnum frontinoae;;Sin localidad ;;;Fendler 133;;;;;Pittier 1936
Pelekium ciliatum;;Sin localidad ;;;;;;;;
Pelekium ciliatum;;Sin localidad;;;;;;;;Churchill et al. 2000
Pelekium gratum;10;;;;;;;;;
Pelekium gratum;4;;;;;;;;;
Pelekium gratum;5;;;;;;;;;
Pelekium involvens;10;Galipán;;;;;;;;Pittier 1936
Pelekium involvens;;Sin localidad;;;;;;;;Churchill et al. 2000
Pelekium minutulum;2;Cabecera del Río Maravilla;;;;;;;;
Pelekium minutulum;;Sin localidad;;;;;;;;Churchill et al. 2000
Pelekium minutulum;17;Cerca de Caripe;;;;;;;;
Pelekium minutulum;10;;;;;;;;;
Pelekium minutulum;15;;;;;;;;;
Pelekium muricatulum;10;;;;;;;;;
Pelekium muricatulum;;Sin localidad;;;;;;;;Churchill et al. 2000
Pelekium scabrosulum;5;;;;;;;;;
Pelekium scabrosulum;;Sin localidad;;;;;;;;Churchill et al. 2000
Pelekium scabrosulum;1;Caño Pablo, tributary of Río Caura, ca. 10 Km ESE of Las Pavas (Salto Para);;;;;;;;
Pelekium schistocalyx;1;Cerro Marahuaca;;;;;;;;
Pelekium schistocalyx;10;Caracas: Gorge N Santa Elena;;;;;;;;
Pelekium schistocalyx;4;Estación biológica Rancho Grande y ruta Puerto Chuelo-Ocumare;;;;;;;;
Pelekium siphotheca;15;;;;;;;;;Moreno 1990
Pelekium siphotheca;;Sin localidad;;;;;;;;Churchill et al. 2000
Pelekium siphotheca;;Sin localidad ;;;Fendler 132;;;;;Pittier 1936
Rauiella lagoensis;16;Sebucán, cerca de dos caminos;;;;;;;;
Rauiella lagoensis;;Sin localidad;;;;;;;;Churchill et al. 2000
Rauiella lagoensis;17;Cueva del Guácharo;;;;;;;;
Rauiella lagoensis;12;Cataratas de Hueque;;;León, Y. YL0311/01;;MERC;;;
Rauiella praelonga;14;7 Km de Barbacoas, entre Barbacoas y La Peña;;;;;;;;
Rauiella praelonga;;Sin localidad;;;;;;;;Churchill et al. 2000
Rauiella praelonga;16;Sebucán, cerca de Los Caminos;;;11984 a.;;;;;Pittier 1936
Rauiella praelonga;17;Caripe;;;;;;;;
Thuidium assimile;;Sin localidad ;;;;;;;;
Thuidium assimile;;Sin localidad;;;;;;;;Churchill et al. 2000
Thuidium cymbifolium;;Sin localidad ;;;;;;;;
Thuidium delicatulum;10;;2000;;;;;;;Pittier 1936
Thuidium delicatulum;;Sin localidad;;;;;;;;Churchill et al. 2000
Thuidium delicatulum;4;Origen del Río El Castaño, comienzo regresiva del Diablo, Parque Nacional Henry Pittier;;;;;;;;
Thuidium delicatulum;5;Chimantá Tepuy;;;;;;;;
Thuidium delicatulum;15;Páramo La Culata;;;;;;;;
Thuidium delicatulum;15;La Mucuy;;;;;;;;
Thuidium delicatulum;15;El Valle;;;;;;;;
Thuidium delicatulum;15;Loma Redonda ;;;;;;;;
Thuidium delicatulum;17;Cerro Negro;;;;;;;;
Thuidium peruvianum;15;Páramo de Mucuchíes entre Chachopo y El Águila;;;;;;;;
Thuidium peruvianum;;Sin localidad;;;;;;;;Churchill et al. 2000
Thuidium peruvianum;15;Laguna de Los Anteojos Parque Nacional Sierra Nevada de Mérida;;;;;;;;
Thuidium peruvianum;15;Páramo El CampanaRío sector del Páramo de los Conejos;;;;;;;;
Thuidium peruvianum;15;Loma Redonda Parque Nacional Sierra Nevada de Mérida;;;;;;;;
Thuidium peruvianum;15;Santo Domingo Apartaderos;;;;;;;;
Thuidium peruvianum;15;La Aguada Parque Nacional Sierra Nevada de Mérida;;;;;;;;
Thuidium peruvianum;15;Sierra Nevada de Mérida entre La Aguada y La Montaña del teleférico de Mérida  ;;;Griffin III et al. 252 ;;FLAS;;;Griffin III 1975
Thuidium peruvianum;15;Páramo de Mucubají Laguna Negra ;;;Griffin et al. 847;;FLAS;;;Griffin III 1975
Thuidium peruvianum;15;Entre La Aguada y La Montaña Parque Nacional Sierra Nevada de Mérida, Páramo La Negra ;;;Griffin et al. 2117 ;;FLAS;;;Griffin III 1975
Thuidium peruvianum;22;Páramo El Jabón;;;;;;;;
Thuidium peruvianum;15;La Aguada, entre Mérida y el Pico Espejo;3475;;Steyermark, J. & Koyama, T. 102356;1969-12-17;VEN;;;Morales & García 2006
Thuidium peruvianum;15;Parque Nacional Sierra Nevada, Loma Redonda Teleférico;4068;;Dorr, L. & Barnett, L. 5237;1988-05-20;VEN;;;Morales & García 2006
Thuidium peruvianum;15;Páramo entre Chachopo y el Águila;3200;3500;Steyermark, J. & Rabe, M. 97185;1966-08-30;VEN;;;Morales & García 2006
Thuidium peruvianum;15;Sierra Nevada de Mérida, Laguna Los Anteojos;4000;;Griffin, G., López, M. & Ruiz, L. 17501;1972-07-01;VEN;;;Morales & García 2006
Thuidium pseudoprotensum;5;Roraima;;;;;;;;
Thuidium pseudoprotensum;;Sin localidad;;;;;;;;Churchill et al. 2000
Thuidium pseudoprotensum;15;Laguneta, En los alrededores de la Finca San Rafael Páramo de los Conejos;;;Funck & Schlim 992;;;;;Pittier 1936
Thuidium pseudoprotensum;22;Distrito Boconó Páramo de Guaramacal;;;;;;;;
Thuidium pseudoprotensum;10;Quebrada Chacaito;;;Pittier, H. 11124;1923-08-24;VEN;;;Morales & García 2006
Thuidium pseudoprotensum;15;;;;Vareschi, V. & Panmier 67;1952-04-08;VEN;;;Morales & García 2006
Thuidium pseudoprotensum;22;Páramo de Guaramacal, SE de torre de televisión;2000;;Dorr, L., Barnett, L., Cuello, N. & Diggs, G. Jr 4996;1988-04-28;VEN;;;Morales & García 2006
Thuidium recognitum;2;;;;;;;;;
Thuidium recognitum;;Sin localidad;;;;;;;;Churchill et al. 2000
Thuidium recognitum;10;;;;;;;;;
Thuidium recognitum;15;;;;;;;;;
Thuidium recognitum;17;;;;;;;;;
Thuidium recognitum;20;;;;;;;;;
Thuidium tamariscinum;1;Cerro de La Neblina, 5,3 Km NE of Pico Phelps (Neblina);1750;1850;Halling, R. 4260;1985-11-02;VEN;;;Morales & García 2006
Thuidium tamariscinum;Anzoa?tegui;Cerro los Pajaritos, sobre Santa Cruz. Ri?o Manantiales;;;Steyermark, J. 61679;1945-03-21;VEN;;;Morales & García 2006
Thuidium tamariscinum;5;Auyan- tepui, cumbre central del brazo NO;1800;;Steyermark, J. 93637,  93557;1964-05-10;VEN;;;Morales & García 2006
Thuidium tamariscinum;5;Montan?a de Imataca, al S de Santa Catalina, al E de la Isla Tortola.;;;Thompson, S. s/n ;1895-11-01;VEN;;;Morales & García 2006
Thuidium tamariscinum;Ta?chira;Entre Michela y Boca de Monte, al O de Zumbador;2000;2400;Steyermark, J. & Rabe, M. 96827;1966-08-28;VEN;;;Morales & García 2006
Thuidium tamariscinum;20;Cerro Turimiquire;;;Steyermark, J. 62585 ;1945-05-06;VEN;;;Morales & García 2006
Thuidium tomentosum;7;Río San Gián;;;;;;;;
Thuidium tomentosum;;Sin localidad;;;;;;;;Churchill et al. 2000
Thuidium tomentosum;17;Caripe, Santa Inés;;;;;;;;
Thuidium tomentosum;10;Quebrada de San Lázaro, cerca de Caracas;;;Pittier 9807;;;;;Pittier 1973
Thuidium tomentosum;10;Selvas húmedas entre Agua Negra y el Junquito;;;Pittier 13745;;;;;Pittier 1973
Thuidium tomentosum;14;Distrito Jiménez, Parque Nacional Yacambú;;;;;;;;
Thuidium tomentosum;15;El Valle Sierra de La Culata;;;;;;;;
Thuidium tomentosum;20;Península de Paria: Cerro de Río Arriba, oeste de Cerro de Humo, arriba de Santa Isabel;;;;;;;;
Thuidium tomentosum;20;Península de Paria: Cerro de Humo, arriba de Sipara, oeste de Santa Isabel, alrededor de 14 Km;;;;;;;;
Thuidium tomentosum;25;"San José de Los Altos, Cuenca del Río Socuy y el bosque nublado llamado ""el Páramo"" arriba de la ""gran sabana""";;;;;;;;
Thuidium tomentosum;5;Macizo de Jaua, Roraima;;;;;;;;
Thuidium urceolatum;10;"Quebrada de San Lázaro, cerca de Caracas; entre Agua Negra y El Junquito";;;;;;;;
Thuidium urceolatum;15;Hacienda Lourdes, en la base de la Sierra Nevada;1750;1850;Pittier 9807;;;;; Pittier 1973
Thuidium urceolatum;1;Cerro Uroi;;;;;;;;
Thuidium urceolatum;2;;;;;;;;;
Thuidium urceolatum;5;Cerro La Reforma, sobre la unión del Río Reforma con Río Toro, al norte del El Palmar;;;;;;;;
Thuidium urceolatum;5;Chimantá Tepui, Auyan-tepui;;;;;;;;
Thuidium urceolatum;17;;;;;;;;;
Thuidium urceolatum;20;;;;;;;;;
Thuidium urceolatum;12;Sierra San Luis, arriba de La Chapa.;;;;;;;;
Trachypus viridulus;4;;;;;;;;;
Sematophyllum chlorocormum;15;Parque Nacional Sierra Nevada. Entre Las Estaciones La Montaña y La Aguada del Teleférico de Mérida.;2570;;Ussher M. S., R. Rico, B. Dugarte & M. Colmenares 9902-52;;NY, MERC;;;Ussher & León 2010